Workbook

Sheet report
FE1: 보고일자 : 2020-06-03 | FM1: 보고일자 : 2020-06-10 | FU1: 보고일자 : 2020-06-17 | GC1: 보고일자 : 2020-06-25 | GK1: 보고일자 : 2020-07-01 | GS1: 보고일자 : 2020-07-08 | HA1: 보고일자 : 2020-07-15 | HI1: 보고일자 : 2020-07-22 | HQ1: 보고일자 : 2020-07-29 | HY1: 보고일자 : 2020-08-05 | IG1: 보고일자 : 2020-08-12 | IO1: 보고일자 : 2020-08-19 | IW1: 보고일자 : 2020-08-26 | JE1: 보고일자 : 2020-09-02 | JM1: 보고일자 : 2020-09-09 | JU1: 보고일자 : 2020-09-16 | KC1: 보고일자 : 2020-09-23 | KK1: 보고일자 : 2020-09-30 | KS1: 보고일자 : 2020-10-07 | LA1: 보고일자 : 2020-10-14 | LI1: 보고일자 : 2020-10-21 | LQ1: 보고일자 : 2020-10-28 | LY1: 보고일자 : 2020-11-04 | MG1: 보고일자 : 2020-11-11 | MO1: 보고일자 : 2020-11-18 | MW1: 보고일자 : 2020-11-25 | NE1: 보고일자 : 2020-12-2 | NM1: 보고일자 : 2020-12-9 | NU1: 보고일자 : 2020-12-16 | OC1: 보고일자 : 2020-12-23 | OK1: 보고일자 : 2020-12-30
FE3: 쇠고기/미국 | FM3: 쇠고기/미국 | FU3: 쇠고기/미국 | GC3: 쇠고기/미국 | GK3: 쇠고기/미국 | GS3: 쇠고기/미국 | HA3: 쇠고기/미국 | HI3: 쇠고기/미국 | HQ3: 쇠고기/미국 | HY3: 쇠고기/미국 | IG3: 쇠고기/미국 | IO3: 쇠고기/미국 | IW3: 쇠고기/미국 | JE3: 쇠고기/미국 | JM3: 쇠고기/미국 | JU3: 쇠고기/미국 | KC3: 쇠고기/미국 | KK3: 쇠고기/미국 | KS3: 쇠고기/미국 | LA3: 쇠고기/미국 | LI3: 쇠고기/미국 | LQ3: 쇠고기/미국 | LY3: 쇠고기/미국 | MG3: 쇠고기/미국 | MO3: 쇠고기/미국 | MW3: 쇠고기/미국 | NE3: 쇠고기/미국 | NM3: 쇠고기/미국 | NU3: 쇠고기/미국 | OC3: 쇠고기/미국 | OK3: 쇠고기/미국
FE4: 구분 | FG4: 2019년 | FH4: 2020년 | FJ4: 전주 | FK4: 전년 | FM4: 구분 | FO4: 2019년 | FP4: 2020년 | FR4: 전주 | FS4: 전년 | FU4: 구분 | FW4: 2019년 | FX4: 2020년 | FZ4: 전주 | GA4: 전년 | GC4: 구분 | GE4: 2019년 | GF4: 2020년 | GH4: 전주 | GI4: 전년 | GK4: 구분 | GM4: 2019년 | GN4: 2020년 | GP4: 전주 | GQ4: 전년 | GS4: 구분 | GU4: 2019년 | GV4: 2020년 | GX4: 전주 | GY4: 전년 | HA4: 구분 | HC4: 2019년 | HD4: 2020년 | HF4: 전주 | HG4: 전년 | HI4: 구분 | HK4: 2019년 | HL4: 2020년 | HN4: 전주 | HO4: 전년 | HQ4: 구분 | HS4: 2019년 | HT4: 2020년 | HV4: 전주 | HW4: 전년 | HY4: 구분 | IA4: 2019년 | IB4: 2020년 | ID4: 전주 | IE4: 전년 | IG4: 구분 | II4: 2019년 | IJ4: 2020년 | IL4: 전주 | IM4: 전년 | IO4: 구분 | IQ4: 2019년 | IR4: 2020년 | IT4: 전주 | IU4: 전년 | IW4: 구분 | IY4: 2019년 | IZ4: 2020년 | JB4: 전주 | JC4: 전년 | JE4: 구분 | JG4: 2019년 | JH4: 2020년 | JJ4: 전주 | JK4: 전년 | JM4: 구분 | JO4: 2019년 | JP4: 2020년 | JR4: 전주 | JS4: 전년 | JU4: 구분 | JW4: 2019년 | JX4: 2020년 | JZ4: 전주 | KA4: 전년 | KC4: 구분 | KE4: 2019년 | KF4: 2020년 | KH4: 전주 | KI4: 전년 | KK4: 구분 | KM4: 2019년 | KN4: 2020년 | KP4: 전주 | KQ4: 전년 | KS4: 구분 | KU4: 2019년 | KV4: 2020년 | KX4: 전주 | KY4: 전년 | LA4: 구분 | LC4: 2019년 | LD4: 2020년 | LF4: 전주 | LG4: 전년 | LI4: 구분 | LK4: 2019년 | LL4: 2020년 | LN4: 전주 | LO4: 전년 | LQ4: 구분 | LS4: 2019년 | LT4: 2020년 | LV4: 전주 | LW4: 전년 | LY4: 구분 | MA4: 2019년 | MB4: 2020년 | MD4: 전주 | ME4: 전년 | MG4: 구분 | MI4: 2019년 | MJ4: 2020년 | ML4: 전주 | MM4: 전년 | MO4: 구분 | MQ4: 2019년 | MR4: 2020년 | MT4: 전주 | MU4: 전년 | MW4: 구분 | MY4: 2019년 | MZ4: 2020년 | NB4: 전주 | NC4: 전년 | NE4: 구분 | NG4: 2019년 | NH4: 2020년 | NJ4: 전주 | NK4: 전년 | NM4: 구분 | NO4: 2019년 | NP4: 2020년 | NR4: 전주 | NS4: 전년 | NU4: 구분 | NW4: 2019년 | NX4: 2020년 | NZ4: 전주 | OA4: 전년 | OC4: 구분 | OE4: 2019년 | OF4: 2020년 | OH4: 전주 | OI4: 전년 | OK4: 구분 | OM4: 2019년 | ON4: 2020년 | OP4: 전주 | OQ4: 전년
FG5: 5월4주 | FH5: 5월3주 | FI5: 5월4주 | FJ5: 대비 | FK5: 대비 | FO5: 6월1주 | FP5: 5월4주 | FQ5: 6월1주 | FR5: 대비 | FS5: 대비 | FW5: 6월2주 | FX5: 6월1주 | FY5: 6월2주 | FZ5: 대비 | GA5: 대비 | GE5: 6월3주 | GF5: 6월2주 | GG5: 6월3주 | GH5: 대비 | GI5: 대비 | GM5: 6월4주 | GN5: 6월3주 | GO5: 6월4주 | GP5: 대비 | GQ5: 대비 | GU5: 7월1주 | GV5: 6월4주 | GW5: 7월1주 | GX5: 대비 | GY5: 대비 | HC5: 7월2주 | HD5: 7월1주 | HE5: 7월2주 | HF5: 대비 | HG5: 대비 | HK5: 7월3주 | HL5: 7월2주 | HM5: 7월3주 | HN5: 대비 | HO5: 대비 | HS5: 7월 4주 | HT5: 7월3주 | HU5: 7월 4주 | HV5: 대비 | HW5: 대비 | IA5: 7월 5주 | IB5: 7월 4주 | IC5: 7월 5주 | ID5: 대비 | IE5: 대비 | II5: 8월 1주 | IJ5: 7월 5주 | IK5: 8월 1주 | IL5: 대비 | IM5: 대비 | IQ5: 8월 2주 | IR5: 8월 1주 | IS5: 8월 2주 | IT5: 대비 | IU5: 대비 | IY5: 8월 3주 | IZ5: 8월 2주 | JA5: 8월 3주 | JB5: 대비 | JC5: 대비 | JG5: 8월 4주 | JH5: 8월 3주 | JI5: 8월 4주 | JJ5: 대비 | JK5: 대비 | JO5: 9월 1주 | JP5: 8월 4주 | JQ5: 9월 1주 | JR5: 대비 | JS5: 대비 | JW5: 9월 2주 | JX5: 9월 1주 | JY5: 9월 2주 | JZ5: 대비 | KA5: 대비 | KE5: 9월 3주 | KF5: 9월 2주 | KG5: 9월 3주 | KH5: 대비 | KI5: 대비 | KM5: 9월 4주 | KN5: 9월 3주 | KO5: 9월 4주 | KP5: 대비 | KQ5: 대비 | KU5: 9월 5주 | KV5: 9월 4주 | KW5: 9월 5주 | KX5: 대비 | KY5: 대비 | LC5: 10월1주 | LD5: 9월 5주 | LE5: 10월1주 | LF5: 대비 | LG5: 대비 | LK5: 10월2주 | LL5: 10월1주 | LM5: 10월2주 | LN5: 대비 | LO5: 대비 | LS5: 10월3주 | LT5: 10월2주 | LU5: 10월3주 | LV5: 대비 | LW5: 대비 | MA5: 10월4주 | MB5: 10월3주 | MC5: 10월4주 | MD5: 대비 | ME5: 대비 | MI5: 11월1주 | MJ5: 10월4주 | MK5: 11월1주 | ML5: 대비 | MM5: 대비 | MQ5: 11월2주 | MR5: 11월1주 | MS5: 11월2주 | MT5: 대비 | MU5: 대비 | MY5: 11월3주 | MZ5: 11월2주 | NA5: 11월3주 | NB5: 대비 | NC5: 대비 | NG5: 11월4주 | NH5: 11월3주 | NI5: 11월4주 | NJ5: 대비 | NK5: 대비 | NO5: 12월1주 | NP5: 11월4주 | NQ5: 12월1주 | NR5: 대비 | NS5: 대비 | NW5: 12월2주 | NX5: 12월1주 | NY5: 12월2주 | NZ5: 대비 | OA5: 대비 | OE5: 12월3주 | OF5: 12월2주 | OG5: 12월3주 | OH5: 대비 | OI5: 대비 | OM5: 12월4주 | ON5: 12월3주 | OO5: 12월4주 | OP5: 대비 | OQ5: 대비
FE6: 수급 | FF6: 도축(천두) | FG6: 641 | FH6: 555 | FI6: 524 | FJ6: =(FI6-FH6)/FH6 -> -0.055855856 | FK6: =(FI6-FG6)/FG6 -> -0.1825273 | FM6: 수급 | FN6: 도축(천두) | FO6: 582 | FP6: 524 | FQ6: 636 | FR6: =(FQ6-FP6)/FP6 -> 0.21374046 | FS6: =(FQ6-FO6)/FO6 -> 0.092783505 | FU6: 수급 | FV6: 도축(천두) | FW6: 662 | FX6: 636 | FY6: 658 | FZ6: =(FY6-FX6)/FX6 -> 0.034591195 | GA6: =(FY6-FW6)/FW6 -> -0.0060422961 | GC6: 수급 | GD6: 도축(천두) | GE6: 665 | GF6: 658 | GG6: 656 | GH6: =(GG6-GF6)/GF6 -> -0.0030395137 | GI6: =(GG6-GE6)/GE6 -> -0.013533835 | GK6: 수급 | GL6: 도축(천두) | GM6: 662 | GN6: 656 | GO6: 680 | GP6: =(GO6-GN6)/GN6 -> 0.036585366 | GQ6: =(GO6-GM6)/GM6 -> 0.027190332 | GS6: 수급 | GT6: 도축(천두) | GU6: 665 | GV6: 680 | GW6: 593 | GX6: =(GW6-GV6)/GV6 -> -0.12794118 | GY6: =(GW6-GU6)/GU6 -> -0.10827068 | HA6: 수급 | HB6: 도축(천두) | HC6: 573 | HD6: 593 | HE6: 657 | HF6: =(HE6-HD6)/HD6 -> 0.1079258 | HG6: =(HE6-HC6)/HC6 -> 0.14659686 | HI6: 수급 | HJ6: 도축(천두) | HK6: 655 | HL6: 657 | HM6: 650 | HN6: =(HM6-HL6)/HL6 -> -0.01065449 | HO6: =(HM6-HK6)/HK6 -> -0.0076335878 | HQ6: 수급 | HR6: 도축(천두) | HS6: 651 | HT6: 650 | HU6: 646 | HV6: =(HU6-HT6)/HT6 -> -0.0061538462 | HW6: =(HU6-HS6)/HS6 -> -0.0076804916 | HY6: 수급 | HZ6: 도축(천두) | IA6: 651 | IB6: 646 | IC6: 638 | ID6: =(IC6-IB6)/IB6 -> -0.012383901 | IE6: =(IC6-IA6)/IA6 -> -0.019969278 | IG6: 수급 | IH6: 도축(천두) | II6: 626 | IJ6: 638 | IK6: 633 | IL6: =(IK6-IJ6)/IJ6 -> -0.0078369906 | IM6: =(IK6-II6)/II6 -> 0.011182109 | IO6: 수급 | IP6: 도축(천두) | IQ6: 645 | IR6: 633 | IS6: 640 | IT6: =(IS6-IR6)/IR6 -> 0.011058452 | IU6: =(IS6-IQ6)/IQ6 -> -0.007751938 | IW6: 수급 | IX6: 도축(천두) | IY6: 651 | IZ6: 640 | JA6: 652 | JB6: =(JA6-IZ6)/IZ6 -> 0.01875 | JC6: =(JA6-IY6)/IY6 -> 0.0015360983 | JE6: 수급 | JF6: 도축(천두) | JG6: 654 | JH6: 652 | JI6: 654 | JJ6: =(JI6-JH6)/JH6 -> 0.0030674847 | JK6: =(JI6-JG6)/JG6 -> 0 | JM6: 수급 | JN6: 도축(천두) | JO6: 644 | JP6: 654 | JQ6: 633 | JR6: =(JQ6-JP6)/JP6 -> -0.032110092 | JS6: =(JQ6-JO6)/JO6 -> -0.017080745 | JU6: 수급 | JV6: 도축(천두) | JW6: 565 | JX6: 633 | JY6: 574 | JZ6: =(JY6-JX6)/JX6 -> -0.093206951 | KA6: =(JY6-JW6)/JW6 -> 0.015929204 | KC6: 수급 | KD6: 도축(천두) | KE6: 629 | KF6: 574 | KG6: 645 | KH6: =(KG6-KF6)/KF6 -> 0.12369338 | KI6: =(KG6-KE6)/KE6 -> 0.025437202 | KK6: 수급 | KL6: 도축(천두) | KM6: 658 | KN6: 645 | KO6: 651 | KP6: =(KO6-KN6)/KN6 -> 0.0093023256 | KQ6: =(KO6-KM6)/KM6 -> -0.010638298 | KS6: 수급 | KT6: 도축(천두) | KU6: 648 | KV6: 651 | KW6: 665 | KX6: =(KW6-KV6)/KV6 -> 0.021505376 | KY6: =(KW6-KU6)/KU6 -> 0.026234568 | LA6: 수급 | LB6: 도축(천두) | LC6: 639 | LD6: 665 | LE6: 637 | LF6: =(LE6-LD6)/LD6 -> -0.042105263 | LG6: =(LE6-LC6)/LC6 -> -0.0031298905 | LI6: 수급 | LJ6: 도축(천두) | LK6: 645 | LL6: 637 | LM6: 654 | LN6: =(LM6-LL6)/LL6 -> 0.026687598 | LO6: =(LM6-LK6)/LK6 -> 0.013953488 | LQ6: 수급 | LR6: 도축(천두) | LS6: 642 | LT6: 654 | LU6: 643 | LV6: =(LU6-LT6)/LT6 -> -0.016819572 | LW6: =(LU6-LS6)/LS6 -> 0.0015576324 | LY6: 수급 | LZ6: 도축(천두) | MA6: 640 | MB6: 643 | MC6: 638 | MD6: =(MC6-MB6)/MB6 -> -0.0077760498 | ME6: =(MC6-MA6)/MA6 -> -0.003125 | MG6: 수급 | MH6: 도축(천두) | MI6: 655 | MJ6: 638 | MK6: 647 | ML6: =(MK6-MJ6)/MJ6 -> 0.014106583 | MM6: =(MK6-MI6)/MI6 -> -0.01221374 | MO6: 수급 | MP6: 도축(천두) | MQ6: 651 | MR6: 647 | MS6: 653 | MT6: =(MS6-MR6)/MR6 -> 0.0092735703 | MU6: =(MS6-MQ6)/MQ6 -> 0.0030721966 | MW6: 수급 | MX6: 도축(천두) | MY6: 657 | MZ6: 653 | NA6: 665 | NB6: =(NA6-MZ6)/MZ6 -> 0.018376723 | NC6: =(NA6-MY6)/MY6 -> 0.01217656 | NE6: 수급 | NF6: 도축(천두) | NG6: 662 | NH6: 665 | NI6: 564 | NJ6: =(NI6-NH6)/NH6 -> -0.1518797 | NK6: =(NI6-NG6)/NG6 -> -0.14803625 | NM6: 수급 | NN6: 도축(천두) | NO6: 556 | NP6: 564 | NQ6: 667 | NR6: =(NQ6-NP6)/NP6 -> 0.18262411 | NS6: =(NQ6-NO6)/NO6 -> 0.19964029 | NU6: 수급 | NV6: 도축(천두) | NW6: 679 | NX6: 667 | NY6: 665 | NZ6: =(NY6-NX6)/NX6 -> -0.0029985007 | OA6: =(NY6-NW6)/NW6 -> -0.020618557 | OC6: 수급 | OD6: 도축(천두) | OE6: 662 | OF6: 665 | OG6: 659 | OH6: =(OG6-OF6)/OF6 -> -0.0090225564 | OI6: =(OG6-OE6)/OE6 -> -0.0045317221 | OK6: 수급 | OL6: 도축(천두) | OM6: 668 | ON6: 659 | OO6: 419 | OP6: =(OO6-ON6)/ON6 -> -0.36418816 | OQ6: =(OO6-OM6)/OM6 -> -0.37275449
FF7: 수출(천톤) | FJ7: =(FI7-FH7)/FH7 -> #DIV/0! | FK7: =(FI7-FG7)/FG7 -> #DIV/0! | FN7: 수출(천톤) | FR7: =(FQ7-FP7)/FP7 -> #DIV/0! | FS7: =(FQ7-FO7)/FO7 -> #DIV/0! | FV7: 수출(천톤) | FZ7: =(FY7-FX7)/FX7 -> #DIV/0! | GA7: =(FY7-FW7)/FW7 -> #DIV/0! | GD7: 수출(천톤) | GH7: =(GG7-GF7)/GF7 -> #DIV/0! | GI7: =(GG7-GE7)/GE7 -> #DIV/0! | GL7: 수출(천톤) | GP7: =(GO7-GN7)/GN7 -> #DIV/0! | GQ7: =(GO7-GM7)/GM7 -> #DIV/0! | GT7: 수출(천톤) | GX7: =(GW7-GV7)/GV7 -> #DIV/0! | GY7: =(GW7-GU7)/GU7 -> #DIV/0! | HB7: 수출(천톤) | HF7: =(HE7-HD7)/HD7 -> #DIV/0! | HG7: =(HE7-HC7)/HC7 -> #DIV/0! | HJ7: 수출(천톤) | HN7: =(HM7-HL7)/HL7 -> #DIV/0! | HO7: =(HM7-HK7)/HK7 -> #DIV/0! | HR7: 수출(천톤) | HV7: =(HU7-HT7)/HT7 -> #DIV/0! | HW7: =(HU7-HS7)/HS7 -> #DIV/0! | HZ7: 수출(천톤) | ID7: =(IC7-IB7)/IB7 -> #DIV/0! | IE7: =(IC7-IA7)/IA7 -> #DIV/0! | IH7: 수출(천톤) | IL7: =(IK7-IJ7)/IJ7 -> #DIV/0! | IM7: =(IK7-II7)/II7 -> #DIV/0! | IP7: 수출(천톤) | IT7: =(IS7-IR7)/IR7 -> #DIV/0! | IU7: =(IS7-IQ7)/IQ7 -> #DIV/0! | IX7: 수출(천톤) | JB7: =(JA7-IZ7)/IZ7 -> #DIV/0! | JC7: =(JA7-IY7)/IY7 -> #DIV/0! | JF7: 수출(천톤) | JJ7: =(JI7-JH7)/JH7 -> #DIV/0! | JK7: =(JI7-JG7)/JG7 -> #DIV/0! | JN7: 수출(천톤) | JR7: =(JQ7-JP7)/JP7 -> #DIV/0! | JS7: =(JQ7-JO7)/JO7 -> #DIV/0! | JV7: 수출(천톤) | JZ7: =(JY7-JX7)/JX7 -> #DIV/0! | KA7: =(JY7-JW7)/JW7 -> #DIV/0! | KD7: 수출(천톤) | KH7: =(KG7-KF7)/KF7 -> #DIV/0! | KI7: =(KG7-KE7)/KE7 -> #DIV/0! | KL7: 수출(천톤) | KP7: =(KO7-KN7)/KN7 -> #DIV/0! | KQ7: =(KO7-KM7)/KM7 -> #DIV/0! | KT7: 수출(천톤) | KX7: =(KW7-KV7)/KV7 -> #DIV/0! | KY7: =(KW7-KU7)/KU7 -> #DIV/0! | LB7: 수출(천톤) | LF7: =(LE7-LD7)/LD7 -> #DIV/0! | LG7: =(LE7-LC7)/LC7 -> #DIV/0! | LJ7: 수출(천톤) | LN7: =(LM7-LL7)/LL7 -> #DIV/0! | LO7: =(LM7-LK7)/LK7 -> #DIV/0! | LR7: 수출(천톤) | LV7: =(LU7-LT7)/LT7 -> #DIV/0! | LW7: =(LU7-LS7)/LS7 -> #DIV/0! | LZ7: 수출(천톤) | MD7: =(MC7-MB7)/MB7 -> #DIV/0! | ME7: =(MC7-MA7)/MA7 -> #DIV/0! | MH7: 수출(천톤) | ML7: =(MK7-MJ7)/MJ7 -> #DIV/0! | MM7: =(MK7-MI7)/MI7 -> #DIV/0! | MP7: 수출(천톤) | MT7: =(MS7-MR7)/MR7 -> #DIV/0! | MU7: =(MS7-MQ7)/MQ7 -> #DIV/0! | MX7: 수출(천톤) | NB7: =(NA7-MZ7)/MZ7 -> #DIV/0! | NC7: =(NA7-MY7)/MY7 -> #DIV/0! | NF7: 수출(천톤) | NJ7: =(NI7-NH7)/NH7 -> #DIV/0! | NK7: =(NI7-NG7)/NG7 -> #DIV/0! | NN7: 수출(천톤) | NR7: =(NQ7-NP7)/NP7 -> #DIV/0! | NS7: =(NQ7-NO7)/NO7 -> #DIV/0! | NV7: 수출(천톤) | NZ7: =(NY7-NX7)/NX7 -> #DIV/0! | OA7: =(NY7-NW7)/NW7 -> #DIV/0! | OD7: 수출(천톤) | OH7: =(OG7-OF7)/OF7 -> #DIV/0! | OI7: =(OG7-OE7)/OE7 -> #DIV/0! | OL7: 수출(천톤) | OP7: =(OO7-ON7)/ON7 -> #DIV/0! | OQ7: =(OO7-OM7)/OM7 -> #DIV/0!
FE8: 가격 | FF8: 생우($/lb) | FG8: 1.16 | FH8: 1.17 | FI8: 1.16 | FJ8: =(FI8-FH8)/FH8 -> -0.0085470085 | FK8: =(FI8-FG8)/FG8 -> 0 | FM8: 가격 | FN8: 지육($/kg) | FR8: =(FQ8-FP8)/FP8 -> #DIV/0! | FS8: =(FQ8-FO8)/FO8 -> #DIV/0! | FU8: 가격 | FV8: 지육($/kg) | FZ8: =(FY8-FX8)/FX8 -> #DIV/0! | GA8: =(FY8-FW8)/FW8 -> #DIV/0! | GC8: 가격 | GD8: 지육($/kg) | GE8: 4.89 | GF8: 5.31 | GG8: 4.85 | GH8: =(GG8-GF8)/GF8 -> -0.086629002 | GI8: =(GG8-GE8)/GE8 -> -0.0081799591 | GK8: 가격 | GL8: 지육($/kg) | GM8: 4.87 | GN8: 4.85 | GO8: 4.63 | GP8: =(GO8-GN8)/GN8 -> -0.045360825 | GQ8: =(GO8-GM8)/GM8 -> -0.049281314 | GS8: 가격 | GT8: 지육($/kg) | GU8: 4.85 | GV8: 4.63 | GW8: 4.56 | GX8: =(GW8-GV8)/GV8 -> -0.01511879 | GY8: =(GW8-GU8)/GU8 -> -0.059793814 | HA8: 가격 | HB8: 지육($/kg) | HC8: 4.85 | HD8: 4.56 | HE8: 4.52 | HF8: =(HE8-HD8)/HD8 -> -0.0087719298 | HG8: =(HE8-HC8)/HC8 -> -0.068041237 | HI8: 가격 | HJ8: 지육($/kg) | HK8: 4.74 | HL8: 4.52 | HM8: 4.43 | HN8: =(HM8-HL8)/HL8 -> -0.019911504 | HO8: =(HM8-HK8)/HK8 -> -0.065400844 | HQ8: 가격 | HR8: 지육($/kg) | HS8: 4.7 | HT8: 4.43 | HU8: 4.45 | HV8: =(HU8-HT8)/HT8 -> 0.0045146727 | HW8: =(HU8-HS8)/HS8 -> -0.053191489 | HY8: 가격 | HZ8: 지육($/kg) | IA8: 4.7 | IB8: 4.45 | IC8: 4.45 | ID8: =(IC8-IB8)/IB8 -> 0 | IE8: =(IC8-IA8)/IA8 -> -0.053191489 | IG8: 가격 | IH8: 지육($/kg) | II8: 4.7 | IJ8: 4.45 | IK8: 4.52 | IL8: =(IK8-IJ8)/IJ8 -> 0.015730337 | IM8: =(IK8-II8)/II8 -> -0.038297872 | IO8: 가격 | IP8: 지육($/kg) | IQ8: 4.76 | IR8: 4.52 | IS8: 4.63 | IT8: =(IS8-IR8)/IR8 -> 0.024336283 | IU8: =(IS8-IQ8)/IQ8 -> -0.027310924 | IW8: 가격 | IX8: 지육($/kg) | IY8: 5.07 | IZ8: 4.63 | JA8: 4.92 | JB8: =(JA8-IZ8)/IZ8 -> 0.062634989 | JC8: =(JA8-IY8)/IY8 -> -0.029585799 | JE8: 가격 | JF8: 지육($/kg) | JG8: 5.29 | JH8: 4.92 | JI8: 5.07 | JJ8: =(JI8-JH8)/JH8 -> 0.030487805 | JK8: =(JI8-JG8)/JG8 -> -0.041587902 | JM8: 가격 | JN8: 지육($/kg) | JO8: 5.16 | JP8: 5.07 | JQ8: 5 | JR8: =(JQ8-JP8)/JP8 -> -0.013806706 | JS8: =(JQ8-JO8)/JO8 -> -0.031007752 | JU8: 가격 | JV8: 지육($/kg) | JW8: 5.07 | JX8: 5 | JY8: 4.89 | JZ8: =(JY8-JX8)/JX8 -> -0.022 | KA8: =(JY8-JW8)/JW8 -> -0.035502959 | KC8: 가격 | KD8: 지육($/kg) | KE8: 4.92 | KF8: 4.89 | KG8: 4.76 | KH8: =(KG8-KF8)/KF8 -> -0.026584867 | KI8: =(KG8-KE8)/KE8 -> -0.032520325 | KK8: 가격 | KL8: 지육($/kg) | KM8: 4.83 | KN8: 4.76 | KO8: 4.78 | KP8: =(KO8-KN8)/KN8 -> 0.0042016807 | KQ8: =(KO8-KM8)/KM8 -> -0.010351967 | KS8: 가격 | KT8: 지육($/kg) | KU8: 4.74 | KV8: 4.78 | KW8: 4.81 | KX8: =(KW8-KV8)/KV8 -> 0.0062761506 | KY8: =(KW8-KU8)/KU8 -> 0.014767932 | LA8: 가격 | LB8: 지육($/kg) | LC8: 4.7 | LD8: 4.81 | LE8: 4.76 | LF8: =(LE8-LD8)/LD8 -> -0.01039501 | LG8: =(LE8-LC8)/LC8 -> 0.012765957 | LI8: 가격 | LJ8: 지육($/kg) | LK8: 4.72 | LL8: 4.76 | LM8: 4.67 | LN8: =(LM8-LL8)/LL8 -> -0.018907563 | LO8: =(LM8-LK8)/LK8 -> -0.01059322 | LQ8: 가격 | LR8: 지육($/kg) | LS8: 4.81 | LT8: 4.67 | LU8: 4.61 | LV8: =(LU8-LT8)/LT8 -> -0.012847966 | LW8: =(LU8-LS8)/LS8 -> -0.041580042 | LY8: 가격 | LZ8: 지육($/kg) | MA8: 4.92 | MB8: 4.61 | MC8: 4.56 | MD8: =(MC8-MB8)/MB8 -> -0.010845987 | ME8: =(MC8-MA8)/MA8 -> -0.073170732 | MG8: 가격 | MH8: 지육($/kg) | MI8: 5.09 | MJ8: 4.56 | MK8: 4.65 | ML8: =(MK8-MJ8)/MJ8 -> 0.019736842 | MM8: =(MK8-MI8)/MI8 -> -0.086444008 | MO8: 가격 | MP8: 지육($/kg) | MQ8: 5.22 | MR8: 4.65 | MS8: 4.92 | MT8: =(MS8-MR8)/MR8 -> 0.058064516 | MU8: =(MS8-MQ8)/MQ8 -> -0.057471264 | MW8: 가격 | MX8: 지육($/kg) | MY8: 5.31 | MZ8: 4.92 | NA8: 5.18 | NB8: =(NA8-MZ8)/MZ8 -> 0.052845528 | NC8: =(NA8-MY8)/MY8 -> -0.024482109 | NE8: 가격 | NF8: 지육($/kg) | NG8: 5.22 | NH8: 5.18 | NI8: 5.36 | NJ8: =(NI8-NH8)/NH8 -> 0.034749035 | NK8: =(NI8-NG8)/NG8 -> 0.026819923 | NM8: 가격 | NN8: 지육($/kg) | NO8: 5.11 | NP8: 5.36 | NQ8: 5.29 | NR8: =(NQ8-NP8)/NP8 -> -0.013059701 | NS8: =(NQ8-NO8)/NO8 -> 0.035225049 | NU8: 가격 | NV8: 지육($/kg) | NW8: 5.03 | NX8: 5.29 | NY8: 4.87 | NZ8: =(NY8-NX8)/NX8 -> -0.079395085 | OA8: =(NY8-NW8)/NW8 -> -0.031809145 | OC8: 가격 | OD8: 지육($/kg) | OE8: 4.83 | OF8: 4.87 | OG8: 4.61 | OH8: =(OG8-OF8)/OF8 -> -0.05338809 | OI8: =(OG8-OE8)/OE8 -> -0.045548654 | OK8: 가격 | OL8: 지육($/kg) | OM8: 4.67 | ON8: 4.61 | OO8: 4.63 | OP8: =(OO8-ON8)/ON8 -> 0.0043383948 | OQ8: =(OO8-OM8)/OM8 -> -0.0085653105
FF9: 지육($/lb) | FG9: 2.21 | FH9: 4.05 | FI9: 3.74 | FJ9: =(FI9-FH9)/FH9 -> -0.07654321 | FK9: =(FI9-FG9)/FG9 -> 0.69230769 | FN9: 지육(원/kg) | FO9: 5791 | FP9: 10035 | FQ9: 7837 | FR9: =(FQ9-FP9)/FP9 -> -0.21903338 | FS9: =(FQ9-FO9)/FO9 -> 0.35330686 | FV9: 지육(원/kg) | FW9: 5300 | FX9: 7837 | FY9: 6299 | FZ9: =(FY9-FX9)/FX9 -> -0.19624856 | GA9: =(FY9-FW9)/FW9 -> 0.18849057 | GD9: 지육(원/kg) | GE9: 5758 | GF9: 6299 | GG9: 5850 | GH9: =(GG9-GF9)/GF9 -> -0.071281156 | GI9: =(GG9-GE9)/GE9 -> 0.01597777 | GL9: 지육(원/kg) | GM9: 5635 | GN9: 5850 | GO9: 5572 | GP9: =(GO9-GN9)/GN9 -> -0.047521368 | GQ9: =(GO9-GM9)/GM9 -> -0.011180124 | GT9: 지육(원/kg) | GU9: 5677 | GV9: 5572 | GW9: 5453 | GX9: =(GW9-GV9)/GV9 -> -0.021356784 | GY9: =(GW9-GU9)/GU9 -> -0.03945746 | HB9: 지육(원/kg) | HC9: 5730 | HD9: 5453 | HE9: 5428 | HF9: =(HE9-HD9)/HD9 -> -0.0045846323 | HG9: =(HE9-HC9)/HC9 -> -0.052705061 | HJ9: 지육(원/kg) | HK9: 5598 | HL9: 5428 | HM9: 5304 | HN9: =(HM9-HL9)/HL9 -> -0.02284451 | HO9: =(HM9-HK9)/HK9 -> -0.052518757 | HR9: 지육(원/kg) | HS9: 5534 | HT9: 5304 | HU9: 5321 | HV9: =(HU9-HT9)/HT9 -> 0.0032051282 | HW9: =(HU9-HS9)/HS9 -> -0.038489339 | HZ9: 지육(원/kg) | IA9: 5555 | IB9: 5321 | IC9: 5291 | ID9: =(IC9-IB9)/IB9 -> -0.005638038 | IE9: =(IC9-IA9)/IA9 -> -0.047524752 | IH9: 지육(원/kg) | II9: 5708 | IJ9: 5291 | IK9: 5353 | IL9: =(IK9-IJ9)/IJ9 -> 0.011718012 | IM9: =(IK9-II9)/II9 -> -0.062193413 | IP9: 지육(원/kg) | IQ9: 5786 | IR9: 5353 | IS9: 5468 | IT9: =(IS9-IR9)/IR9 -> 0.02148328 | IU9: =(IS9-IQ9)/IQ9 -> -0.054960249 | IX9: 지육(원/kg) | IY9: 6103 | IZ9: 5468 | JA9: 5836 | JB9: =(JA9-IZ9)/IZ9 -> 0.067300658 | JC9: =(JA9-IY9)/IY9 -> -0.043748976 | JF9: 지육(원/kg) | JG9: 6426 | JH9: 5836 | JI9: 6019 | JJ9: =(JI9-JH9)/JH9 -> 0.031357094 | JK9: =(JI9-JG9)/JG9 -> -0.063336446 | JN9: 지육(원/kg) | JO9: 6227 | JP9: 6019 | JQ9: 5943 | JR9: =(JQ9-JP9)/JP9 -> -0.012626682 | JS9: =(JQ9-JO9)/JO9 -> -0.045607837 | JV9: 지육(원/kg) | JW9: 6057 | JX9: 5943 | JY9: 5743 | JZ9: =(JY9-JX9)/JX9 -> -0.033653037 | KA9: =(JY9-JW9)/JW9 -> -0.051840845 | KD9: 지육(원/kg) | KE9: 5860 | KF9: 5743 | KG9: 5547 | KH9: =(KG9-KF9)/KF9 -> -0.034128504 | KI9: =(KG9-KE9)/KE9 -> -0.053412969 | KL9: 지육(원/kg) | KM9: 5796 | KN9: 5547 | KO9: 5593 | KP9: =(KO9-KN9)/KN9 -> 0.0082927709 | KQ9: =(KO9-KM9)/KM9 -> -0.035024155 | KT9: 지육(원/kg) | KU9: 5721 | KV9: 5593 | KW9: 5583 | KX9: =(KW9-KV9)/KV9 -> -0.0017879492 | KY9: =(KW9-KU9)/KU9 -> -0.024121657 | LB9: 지육(원/kg) | LC9: 5619 | LD9: 5583 | LE9: 5460 | LF9: =(LE9-LD9)/LD9 -> -0.022031166 | LG9: =(LE9-LC9)/LC9 -> -0.02829685 | LJ9: 지육(원/kg) | LK9: 5612 | LL9: 5460 | LM9: 5298 | LN9: =(LM9-LL9)/LL9 -> -0.02967033 | LO9: =(LM9-LK9)/LK9 -> -0.055951532 | LR9: 지육(원/kg) | LS9: 5638 | LT9: 5298 | LU9: 5223 | LV9: =(LU9-LT9)/LT9 -> -0.014156285 | LW9: =(LU9-LS9)/LS9 -> -0.073607662 | LZ9: 지육(원/kg) | MA9: 5735 | MB9: 5223 | MC9: 5202 | MD9: =(MC9-MB9)/MB9 -> -0.0040206778 | ME9: =(MC9-MA9)/MA9 -> -0.092938099 | MH9: 지육(원/kg) | MI9: 5900 | MJ9: 5202 | MK9: 5177 | ML9: =(MK9-MJ9)/MJ9 -> -0.0048058439 | MM9: =(MK9-MI9)/MI9 -> -0.12254237 | MP9: 지육(원/kg) | MQ9: 6111 | MR9: 5177 | MS9: 5425 | MT9: =(MS9-MR9)/MR9 -> 0.047904192 | MU9: =(MS9-MQ9)/MQ9 -> -0.11225659 | MX9: 지육(원/kg) | MY9: 6219 | MZ9: 5425 | NA9: 5735 | NB9: =(NA9-MZ9)/MZ9 -> 0.057142857 | NC9: =(NA9-MY9)/MY9 -> -0.077826017 | NF9: 지육(원/kg) | NG9: 6152 | NH9: 5735 | NI9: 5909 | NJ9: =(NI9-NH9)/NH9 -> 0.030340017 | NK9: =(NI9-NG9)/NG9 -> -0.03949935 | NN9: 지육(원/kg) | NO9: 6102 | NP9: 5909 | NQ9: 5741 | NR9: =(NQ9-NP9)/NP9 -> -0.028431207 | NS9: =(NQ9-NO9)/NO9 -> -0.059160931 | NV9: 지육(원/kg) | NW9: 6005 | NX9: 5741 | NY9: 5316 | NZ9: =(NY9-NX9)/NX9 -> -0.074028915 | OA9: =(NY9-NW9)/NW9 -> -0.11473772 | OD9: 지육(원/kg) | OE9: 5642 | OF9: 5316 | OG9: 5109 | OH9: =(OG9-OF9)/OF9 -> -0.038939052 | OI9: =(OG9-OE9)/OE9 -> -0.094470046 | OL9: 지육(원/kg) | OM9: 5440 | ON9: 5109 | OO9: 5035 | OP9: =(OO9-ON9)/ON9 -> -0.014484243 | OQ9: =(OO9-OM9)/OM9 -> -0.074448529
FE11: 쇠고기/호주 | FM11: 쇠고기/호주 | FU11: 쇠고기/호주 | GC11: 쇠고기/호주 | GK11: 쇠고기/호주 | GS11: 쇠고기/호주 | HA11: 쇠고기/호주 | HI11: 쇠고기/호주 | HQ11: 쇠고기/호주 | HY11: 쇠고기/호주 | IG11: 쇠고기/호주 | IO11: 쇠고기/호주 | IW11: 쇠고기/호주 | JE11: 쇠고기/호주 | JM11: 쇠고기/호주 | JU11: 쇠고기/호주 | KC11: 쇠고기/호주 | KK11: 쇠고기/호주 | KS11: 쇠고기/호주 | LA11: 쇠고기/호주 | LI11: 쇠고기/호주 | LQ11: 쇠고기/호주 | LY11: 쇠고기/호주 | MG11: 쇠고기/호주 | MO11: 쇠고기/호주 | MW11: 쇠고기/호주 | NE11: 쇠고기/호주 | NM11: 쇠고기/호주 | NU11: 쇠고기/호주 | OC11: 쇠고기/호주 | OK11: 쇠고기/호주
FE12: 구분 | FG12: 2019년 | FH12: 2020년 | FJ12: 전주 | FK12: 전년 | FM12: 구분 | FO12: 2019년 | FP12: 2020년 | FR12: 전주 | FS12: 전년 | FU12: 구분 | FW12: 2019년 | FX12: 2020년 | FZ12: 전주 | GA12: 전년 | GC12: 구분 | GE12: 2019년 | GF12: 2020년 | GH12: 전주 | GI12: 전년 | GK12: 구분 | GM12: 2019년 | GN12: 2020년 | GP12: 전주 | GQ12: 전년 | GS12: 구분 | GU12: 2019년 | GV12: 2020년 | GX12: 전주 | GY12: 전년 | HA12: 구분 | HC12: 2019년 | HD12: 2020년 | HF12: 전주 | HG12: 전년 | HI12: 구분 | HK12: 2019년 | HL12: 2020년 | HN12: 전주 | HO12: 전년 | HQ12: 구분 | HS12: 2019년 | HT12: 2020년 | HV12: 전주 | HW12: 전년 | HY12: 구분 | IA12: 2019년 | IB12: 2020년 | ID12: 전주 | IE12: 전년 | IG12: 구분 | II12: 2019년 | IJ12: 2020년 | IL12: 전주 | IM12: 전년 | IO12: 구분 | IQ12: 2019년 | IR12: 2020년 | IT12: 전주 | IU12: 전년 | IW12: 구분 | IY12: 2019년 | IZ12: 2020년 | JB12: 전주 | JC12: 전년 | JE12: 구분 | JG12: 2019년 | JH12: 2020년 | JJ12: 전주 | JK12: 전년 | JM12: 구분 | JO12: 2019년 | JP12: 2020년 | JR12: 전주 | JS12: 전년 | JU12: 구분 | JW12: 2019년 | JX12: 2020년 | JZ12: 전주 | KA12: 전년 | KC12: 구분 | KE12: 2019년 | KF12: 2020년 | KH12: 전주 | KI12: 전년 | KK12: 구분 | KM12: 2019년 | KN12: 2020년 | KP12: 전주 | KQ12: 전년 | KS12: 구분 | KU12: 2019년 | KV12: 2020년 | KX12: 전주 | KY12: 전년 | LA12: 구분 | LC12: 2019년 | LD12: 2020년 | LF12: 전주 | LG12: 전년 | LI12: 구분 | LK12: 2019년 | LL12: 2020년 | LN12: 전주 | LO12: 전년 | LQ12: 구분 | LS12: 2019년 | LT12: 2020년 | LV12: 전주 | LW12: 전년 | LY12: 구분 | MA12: 2019년 | MB12: 2020년 | MD12: 전주 | ME12: 전년 | MG12: 구분 | MI12: 2019년 | MJ12: 2020년 | ML12: 전주 | MM12: 전년 | MO12: 구분 | MQ12: 2019년 | MR12: 2020년 | MT12: 전주 | MU12: 전년 | MW12: 구분 | MY12: 2019년 | MZ12: 2020년 | NB12: 전주 | NC12: 전년 | NE12: 구분 | NG12: 2019년 | NH12: 2020년 | NJ12: 전주 | NK12: 전년 | NM12: 구분 | NO12: 2019년 | NP12: 2020년 | NR12: 전주 | NS12: 전년 | NU12: 구분 | NW12: 2019년 | NX12: 2020년 | NZ12: 전주 | OA12: 전년 | OC12: 구분 | OE12: 2019년 | OF12: 2020년 | OH12: 전주 | OI12: 전년 | OK12: 구분 | OM12: 2019년 | ON12: 2020년 | OP12: 전주 | OQ12: 전년
FG13: 5월4주 | FH13: 5월3주 | FI13: 5월4주 | FJ13: 대비 | FK13: 대비 | FO13: 6월1주 | FP13: 3월3주 | FQ13: 6월1주 | FR13: 대비 | FS13: 대비 | FW13: 6월2주 | FX13: 6월1주 | FY13: 6월2주 | FZ13: 대비 | GA13: 대비 | GE13: 6월3주 | GF13: 6월2주 | GG13: 6월3주 | GH13: 대비 | GI13: 대비 | GM13: 6월4주 | GN13: 6월3주 | GO13: 6월4주 | GP13: 대비 | GQ13: 대비 | GU13: 7월1주 | GV13: 6월4주 | GW13: 7월1주 | GX13: 대비 | GY13: 대비 | HC13: 7월2주 | HD13: 7월1주 | HE13: 7월2주 | HF13: 대비 | HG13: 대비 | HK13: 7월3주 | HL13: 7월2주 | HM13: 7월3주 | HN13: 대비 | HO13: 대비 | HS13: 7월 4주 | HT13: 7월3주 | HU13: 7월 4주 | HV13: 대비 | HW13: 대비 | IA13: 7월 5주 | IB13: 7월 4주 | IC13: 7월 5주 | ID13: 대비 | IE13: 대비 | II13: 8월 1주 | IJ13: 7월 5주 | IK13: 8월 1주 | IL13: 대비 | IM13: 대비 | IQ13: 8월 2주 | IR13: 8월 1주 | IS13: 8월 2주 | IT13: 대비 | IU13: 대비 | IY13: 8월 3주 | IZ13: 8월 2주 | JA13: 8월 3주 | JB13: 대비 | JC13: 대비 | JG13: 8월 4주 | JH13: 8월 3주 | JI13: 8월 4주 | JJ13: 대비 | JK13: 대비 | JO13: 9월 1주 | JP13: 8월 4주 | JQ13: 9월 1주 | JR13: 대비 | JS13: 대비 | JW13: 9월 2주 | JX13: 9월 1주 | JY13: 9월 2주 | JZ13: 대비 | KA13: 대비 | KE13: 9월 3주 | KF13: 9월 2주 | KG13: 9월 3주 | KH13: 대비 | KI13: 대비 | KM13: 9월 4주 | KN13: 9월 3주 | KO13: 9월 4주 | KP13: 대비 | KQ13: 대비 | KU13: 9월 5주 | KV13: 9월 4주 | KW13: 9월 5주 | KX13: 대비 | KY13: 대비 | LC13: 10월1주 | LD13: 9월 5주 | LE13: 10월1주 | LF13: 대비 | LG13: 대비 | LK13: 10월2주 | LL13: 10월1주 | LM13: 10월2주 | LN13: 대비 | LO13: 대비 | LS13: 10월3주 | LT13: 10월2주 | LU13: 10월3주 | LV13: 대비 | LW13: 대비 | MA13: 10월4주 | MB13: 10월3주 | MC13: 10월4주 | MD13: 대비 | ME13: 대비 | MI13: 11월1주 | MJ13: 10월4주 | MK13: 11월1주 | ML13: 대비 | MM13: 대비 | MQ13: 11월2주 | MR13: 11월1주 | MS13: 11월2주 | MT13: 대비 | MU13: 대비 | MY13: 11월3주 | MZ13: 11월2주 | NA13: 11월3주 | NB13: 대비 | NC13: 대비 | NG13: 11월4주 | NH13: 11월3주 | NI13: 11월4주 | NJ13: 대비 | NK13: 대비 | NO13: 12월1주 | NP13: 11월4주 | NQ13: 12월1주 | NR13: 대비 | NS13: 대비 | NW13: 12월2주 | NX13: 12월1주 | NY13: 12월2주 | NZ13: 대비 | OA13: 대비 | OE13: 12월3주 | OF13: 12월2주 | OG13: 12월3주 | OH13: 대비 | OI13: 대비 | OM13: 12월4주 | ON13: 12월3주 | OO13: 12월4주 | OP13: 대비 | OQ13: 대비
FE14: 수급 | FF14: 도축(천두) | FG14: 158 | FH14: 126 | FI14: 130 | FJ14: =(FI14-FH14)/FH14 -> 0.031746032 | FK14: =(FI14-FG14)/FG14 -> -0.17721519 | FM14: 수급 | FN14: 도축(천두) | FO14: 154 | FP14: 130 | FQ14: 120 | FR14: =(FQ14-FP14)/FP14 -> -0.076923077 | FS14: =(FQ14-FO14)/FO14 -> -0.22077922 | FU14: 수급 | FV14: 도축(천두) | FW14: 142 | FX14: 120 | FY14: 121 | FZ14: =(FY14-FX14)/FX14 -> 0.0083333333 | GA14: =(FY14-FW14)/FW14 -> -0.14788732 | GC14: 수급 | GD14: 도축(천두) | GE14: 154 | GF14: 121 | GG14: 123 | GH14: =(GG14-GF14)/GF14 -> 0.016528926 | GI14: =(GG14-GE14)/GE14 -> -0.2012987 | GK14: 수급 | GL14: 도축(천두) | GM14: 160 | GN14: 123 | GO14: 121 | GP14: =(GO14-GN14)/GN14 -> -0.016260163 | GQ14: =(GO14-GM14)/GM14 -> -0.24375 | GS14: 수급 | GT14: 도축(천두) | GU14: 153 | GV14: 121 | GW14: 127 | GX14: =(GW14-GV14)/GV14 -> 0.049586777 | GY14: =(GW14-GU14)/GU14 -> -0.16993464 | HA14: 수급 | HB14: 도축(천두) | HC14: 151 | HD14: 127 | HE14: 122 | HF14: =(HE14-HD14)/HD14 -> -0.039370079 | HG14: =(HE14-HC14)/HC14 -> -0.19205298 | HI14: 수급 | HJ14: 도축(천두) | HK14: 147 | HL14: 122 | HM14: 118 | HN14: =(HM14-HL14)/HL14 -> -0.032786885 | HO14: =(HM14-HK14)/HK14 -> -0.19727891 | HQ14: 수급 | HR14: 도축(천두) | HS14: 149 | HT14: 118 | HU14: 112 | HV14: =(HU14-HT14)/HT14 -> -0.050847458 | HW14: =(HU14-HS14)/HS14 -> -0.24832215 | HY14: 수급 | HZ14: 도축(천두) | IA14: 146 | IB14: 112 | IC14: 115 | ID14: =(IC14-IB14)/IB14 -> 0.026785714 | IE14: =(IC14-IA14)/IA14 -> -0.21232877 | IG14: 수급 | IH14: 도축(천두) | II14: 148 | IJ14: 115 | IK14: 118 | IL14: =(IK14-IJ14)/IJ14 -> 0.026086957 | IM14: =(IK14-II14)/II14 -> -0.2027027 | IO14: 수급 | IP14: 도축(천두) | IQ14: 140 | IR14: 118 | IS14: 98 | IT14: =(IS14-IR14)/IR14 -> -0.16949153 | IU14: =(IS14-IQ14)/IQ14 -> -0.3 | IW14: 수급 | IX14: 도축(천두) | IY14: 151 | IZ14: 98 | JA14: 107 | JB14: =(JA14-IZ14)/IZ14 -> 0.091836735 | JC14: =(JA14-IY14)/IY14 -> -0.29139073 | JE14: 수급 | JF14: 도축(천두) | JG14: 152 | JH14: 107 | JI14: 102 | JJ14: =(JI14-JH14)/JH14 -> -0.046728972 | JK14: =(JI14-JG14)/JG14 -> -0.32894737 | JM14: 수급 | JN14: 도축(천두) | JO14: 147 | JP14: 102 | JQ14: 106 | JR14: =(JQ14-JP14)/JP14 -> 0.039215686 | JS14: =(JQ14-JO14)/JO14 -> -0.27891156 | JU14: 수급 | JV14: 도축(천두) | JW14: 145 | JX14: 106 | JY14: 112 | JZ14: =(JY14-JX14)/JX14 -> 0.056603774 | KA14: =(JY14-JW14)/JW14 -> -0.22758621 | KC14: 수급 | KD14: 도축(천두) | KE14: 153 | KF14: 112 | KG14: 101 | KH14: =(KG14-KF14)/KF14 -> -0.098214286 | KI14: =(KG14-KE14)/KE14 -> -0.33986928 | KK14: 수급 | KL14: 도축(천두) | KM14: 148 | KN14: 101 | KO14: 108 | KP14: =(KO14-KN14)/KN14 -> 0.069306931 | KQ14: =(KO14-KM14)/KM14 -> -0.27027027 | KS14: 수급 | KT14: 도축(천두) | KU14: 149 | KV14: 108 | KW14: 103 | KX14: =(KW14-KV14)/KV14 -> -0.046296296 | KY14: =(KW14-KU14)/KU14 -> -0.30872483 | LA14: 수급 | LB14: 도축(천두) | LC14: 137 | LD14: 103 | LE14: 89 | LF14: =(LE14-LD14)/LD14 -> -0.13592233 | LG14: =(LE14-LC14)/LC14 -> -0.35036496 | LI14: 수급 | LJ14: 도축(천두) | LK14: 151 | LL14: 89 | LM14: 109 | LN14: =(LM14-LL14)/LL14 -> 0.2247191 | LO14: =(LM14-LK14)/LK14 -> -0.2781457 | LQ14: 수급 | LR14: 도축(천두) | LS14: 154 | LT14: 109 | LU14: 109 | LV14: =(LU14-LT14)/LT14 -> 0 | LW14: =(LU14-LS14)/LS14 -> -0.29220779 | LY14: 수급 | LZ14: 도축(천두) | MA14: 154 | MB14: 109 | MC14: 117 | MD14: =(MC14-MB14)/MB14 -> 0.073394495 | ME14: =(MC14-MA14)/MA14 -> -0.24025974 | MG14: 수급 | MH14: 도축(천두) | MI14: 152 | MJ14: 117 | MK14: 102 | ML14: =(MK14-MJ14)/MJ14 -> -0.12820513 | MM14: =(MK14-MI14)/MI14 -> -0.32894737 | MO14: 수급 | MP14: 도축(천두) | MQ14: 157 | MR14: 102 | MS14: 110 | MT14: =(MS14-MR14)/MR14 -> 0.078431373 | MU14: =(MS14-MQ14)/MQ14 -> -0.29936306 | MW14: 수급 | MX14: 도축(천두) | MY14: 158 | MZ14: 110 | NA14: 104 | NB14: =(NA14-MZ14)/MZ14 -> -0.054545455 | NC14: =(NA14-MY14)/MY14 -> -0.34177215 | NE14: 수급 | NF14: 도축(천두) | NG14: 157 | NH14: 104 | NI14: 110 | NJ14: =(NI14-NH14)/NH14 -> 0.057692308 | NK14: =(NI14-NG14)/NG14 -> -0.29936306 | NM14: 수급 | NN14: 도축(천두) | NO14: 160 | NP14: 110 | NQ14: 115 | NR14: =(NQ14-NP14)/NP14 -> 0.045454545 | NS14: =(NQ14-NO14)/NO14 -> -0.28125 | NU14: 수급 | NV14: 도축(천두) | NW14: 165 | NX14: 115 | NY14: 112 | NZ14: =(NY14-NX14)/NX14 -> -0.026086957 | OA14: =(NY14-NW14)/NW14 -> -0.32121212 | OC14: 수급 | OD14: 도축(천두) | OF14: 112 | OH14: =(OG14-OF14)/OF14 -> -1 | OI14: =(OG14-OE14)/OE14 -> #DIV/0! | OK14: 수급 | OL14: 도축(천두) | OM14: - | ON14: - | OP14: =(OO14-ON14)/ON14 -> #VALUE! | OQ14: =(OO14-OM14)/OM14 -> #VALUE!
FF15: 수출(천톤) | FJ15: =(FI15-FH15)/FH15 -> #DIV/0! | FK15: =(FI15-FG15)/FG15 -> #DIV/0! | FN15: 수출(천톤) | FR15: =(FQ15-FP15)/FP15 -> #DIV/0! | FS15: =(FQ15-FO15)/FO15 -> #DIV/0! | FV15: 수출(천톤) | FZ15: =(FY15-FX15)/FX15 -> #DIV/0! | GA15: =(FY15-FW15)/FW15 -> #DIV/0! | GD15: 수출(천톤) | GH15: =(GG15-GF15)/GF15 -> #DIV/0! | GI15: =(GG15-GE15)/GE15 -> #DIV/0! | GL15: 수출(천톤) | GP15: =(GO15-GN15)/GN15 -> #DIV/0! | GQ15: =(GO15-GM15)/GM15 -> #DIV/0! | GT15: 수출(천톤) | GX15: =(GW15-GV15)/GV15 -> #DIV/0! | GY15: =(GW15-GU15)/GU15 -> #DIV/0! | HB15: 수출(천톤) | HF15: =(HE15-HD15)/HD15 -> #DIV/0! | HG15: =(HE15-HC15)/HC15 -> #DIV/0! | HJ15: 수출(천톤) | HN15: =(HM15-HL15)/HL15 -> #DIV/0! | HO15: =(HM15-HK15)/HK15 -> #DIV/0! | HR15: 수출(천톤) | HV15: =(HU15-HT15)/HT15 -> #DIV/0! | HW15: =(HU15-HS15)/HS15 -> #DIV/0! | HZ15: 수출(천톤) | ID15: =(IC15-IB15)/IB15 -> #DIV/0! | IE15: =(IC15-IA15)/IA15 -> #DIV/0! | IH15: 수출(천톤) | IL15: =(IK15-IJ15)/IJ15 -> #DIV/0! | IM15: =(IK15-II15)/II15 -> #DIV/0! | IP15: 수출(천톤) | IT15: =(IS15-IR15)/IR15 -> #DIV/0! | IU15: =(IS15-IQ15)/IQ15 -> #DIV/0! | IX15: 수출(천톤) | JB15: =(JA15-IZ15)/IZ15 -> #DIV/0! | JC15: =(JA15-IY15)/IY15 -> #DIV/0! | JF15: 수출(천톤) | JJ15: =(JI15-JH15)/JH15 -> #DIV/0! | JK15: =(JI15-JG15)/JG15 -> #DIV/0! | JN15: 수출(천톤) | JR15: =(JQ15-JP15)/JP15 -> #DIV/0! | JS15: =(JQ15-JO15)/JO15 -> #DIV/0! | JV15: 수출(천톤) | JZ15: =(JY15-JX15)/JX15 -> #DIV/0! | KA15: =(JY15-JW15)/JW15 -> #DIV/0! | KD15: 수출(천톤) | KH15: =(KG15-KF15)/KF15 -> #DIV/0! | KI15: =(KG15-KE15)/KE15 -> #DIV/0! | KL15: 수출(천톤) | KP15: =(KO15-KN15)/KN15 -> #DIV/0! | KQ15: =(KO15-KM15)/KM15 -> #DIV/0! | KT15: 수출(천톤) | KX15: =(KW15-KV15)/KV15 -> #DIV/0! | KY15: =(KW15-KU15)/KU15 -> #DIV/0! | LB15: 수출(천톤) | LF15: =(LE15-LD15)/LD15 -> #DIV/0! | LG15: =(LE15-LC15)/LC15 -> #DIV/0! | LJ15: 수출(천톤) | LN15: =(LM15-LL15)/LL15 -> #DIV/0! | LO15: =(LM15-LK15)/LK15 -> #DIV/0! | LR15: 수출(천톤) | LV15: =(LU15-LT15)/LT15 -> #DIV/0! | LW15: =(LU15-LS15)/LS15 -> #DIV/0! | LZ15: 수출(천톤) | MD15: =(MC15-MB15)/MB15 -> #DIV/0! | ME15: =(MC15-MA15)/MA15 -> #DIV/0! | MH15: 수출(천톤) | ML15: =(MK15-MJ15)/MJ15 -> #DIV/0! | MM15: =(MK15-MI15)/MI15 -> #DIV/0! | MP15: 수출(천톤) | MT15: =(MS15-MR15)/MR15 -> #DIV/0! | MU15: =(MS15-MQ15)/MQ15 -> #DIV/0! | MX15: 수출(천톤) | NB15: =(NA15-MZ15)/MZ15 -> #DIV/0! | NC15: =(NA15-MY15)/MY15 -> #DIV/0! | NF15: 수출(천톤) | NJ15: =(NI15-NH15)/NH15 -> #DIV/0! | NK15: =(NI15-NG15)/NG15 -> #DIV/0! | NN15: 수출(천톤) | NR15: =(NQ15-NP15)/NP15 -> #DIV/0! | NS15: =(NQ15-NO15)/NO15 -> #DIV/0! | NV15: 수출(천톤) | NZ15: =(NY15-NX15)/NX15 -> #DIV/0! | OA15: =(NY15-NW15)/NW15 -> #DIV/0! | OD15: 수출(천톤) | OH15: =(OG15-OF15)/OF15 -> #DIV/0! | OI15: =(OG15-OE15)/OE15 -> #DIV/0! | OL15: 수출(천톤) | OP15: =(OO15-ON15)/ON15 -> #DIV/0! | OQ15: =(OO15-OM15)/OM15 -> #DIV/0!
FE16: 가격 | FF16: 생우(A$/lb) | FG16: 2.87 | FI16: 3.51 | FJ16: =(FI16-FH16)/FH16 -> #DIV/0! | FK16: =(FI16-FG16)/FG16 -> 0.22299652 | FM16: 가격 | FN16: 지육(A$/kg) | FR16: =(FQ16-FP16)/FP16 -> #DIV/0! | FS16: =(FQ16-FO16)/FO16 -> #DIV/0! | FU16: 가격 | FV16: 지육(A$/kg) | FZ16: =(FY16-FX16)/FX16 -> #DIV/0! | GA16: =(FY16-FW16)/FW16 -> #DIV/0! | GC16: 가격 | GD16: 지육(A$/kg) | GE16: 492.25 | GF16: 757 | GG16: 770.25 | GH16: =(GG16-GF16)/GF16 -> 0.017503303 | GI16: =(GG16-GE16)/GE16 -> 0.56475368 | GK16: 가격 | GL16: 지육(A$/kg) | GM16: 4.89 | GN16: 7.7 | GO16: 7.54 | GP16: =(GO16-GN16)/GN16 -> -0.020779221 | GQ16: =(GO16-GM16)/GM16 -> 0.54192229 | GS16: 가격 | GT16: 지육(A$/kg) | GU16: 4.92 | GV16: 7.54 | GW16: 7.64 | GX16: =(GW16-GV16)/GV16 -> 0.013262599 | GY16: =(GW16-GU16)/GU16 -> 0.55284553 | HA16: 가격 | HB16: 지육(A$/kg) | HC16: 5.16 | HD16: 7.64 | HE16: 7.51 | HF16: =(HE16-HD16)/HD16 -> -0.017015707 | HG16: =(HE16-HC16)/HC16 -> 0.45542636 | HI16: 가격 | HJ16: 지육(A$/kg) | HK16: 5.2 | HL16: 7.51 | HM16: 7.43 | HN16: =(HM16-HL16)/HL16 -> -0.010652463 | HO16: =(HM16-HK16)/HK16 -> 0.42884615 | HQ16: 가격 | HR16: 지육(A$/kg) | HS16: 5.32 | HT16: 7.43 | HU16: 7.53 | HV16: =(HU16-HT16)/HT16 -> 0.01345895 | HW16: =(HU16-HS16)/HS16 -> 0.41541353 | HY16: 가격 | HZ16: 지육(A$/kg) | IA16: 5.33 | IB16: 7.53 | IC16: 7.52 | ID16: =(IC16-IB16)/IB16 -> -0.0013280212 | IE16: =(IC16-IA16)/IA16 -> 0.4108818 | IG16: 가격 | IH16: 지육(A$/kg) | II16: 5.33 | IJ16: 7.52 | IK16: 7.61 | IL16: =(IK16-IJ16)/IJ16 -> 0.011968085 | IM16: =(IK16-II16)/II16 -> 0.42776735 | IO16: 가격 | IP16: 지육(A$/kg) | IQ16: 5.28 | IR16: 7.61 | IS16: 7.63 | IT16: =(IS16-IR16)/IR16 -> 0.0026281209 | IU16: =(IS16-IQ16)/IQ16 -> 0.44507576 | IW16: 가격 | IX16: 지육(A$/kg) | IY16: 5.08 | IZ16: 7.63 | JA16: 7.78 | JB16: =(JA16-IZ16)/IZ16 -> 0.01965924 | JC16: =(JA16-IY16)/IY16 -> 0.53149606 | JE16: 가격 | JF16: 지육(A$/kg) | JG16: 5.04 | JH16: 7.78 | JI16: 7.86 | JJ16: =(JI16-JH16)/JH16 -> 0.010282776 | JK16: =(JI16-JG16)/JG16 -> 0.55952381 | JM16: 가격 | JN16: 지육(A$/kg) | JO16: 5 | JP16: 7.86 | JQ16: 7.78 | JR16: =(JQ16-JP16)/JP16 -> -0.010178117 | JS16: =(JQ16-JO16)/JO16 -> 0.556 | JU16: 가격 | JV16: 지육(A$/kg) | JW16: 4.77 | JX16: 7.78 | JY16: 7.62 | JZ16: =(JY16-JX16)/JX16 -> -0.020565553 | KA16: =(JY16-JW16)/JW16 -> 0.59748428 | KC16: 가격 | KD16: 지육(A$/kg) | KE16: 4.69 | KF16: 7.62 | KG16: 7.64 | KH16: =(KG16-KF16)/KF16 -> 0.0026246719 | KI16: =(KG16-KE16)/KE16 -> 0.62899787 | KK16: 가격 | KL16: 지육(A$/kg) | KM16: 4.88 | KN16: 7.64 | KO16: 7.74 | KP16: =(KO16-KN16)/KN16 -> 0.013089005 | KQ16: =(KO16-KM16)/KM16 -> 0.58606557 | KS16: 가격 | KT16: 지육(A$/kg) | KU16: 4.9 | KV16: 7.74 | KW16: 7.76 | KX16: =(KW16-KV16)/KV16 -> 0.0025839793 | KY16: =(KW16-KU16)/KU16 -> 0.58367347 | LA16: 가격 | LB16: 지육(A$/kg) | LC16: 4.86 | LD16: 7.76 | LE16: 7.93 | LF16: =(LE16-LD16)/LD16 -> 0.021907216 | LG16: =(LE16-LC16)/LC16 -> 0.63168724 | LI16: 가격 | LJ16: 지육(A$/kg) | LK16: 5.03 | LL16: 7.93 | LM16: 7.89 | LN16: =(LM16-LL16)/LL16 -> -0.0050441362 | LO16: =(LM16-LK16)/LK16 -> 0.56858847 | LQ16: 가격 | LR16: 지육(A$/kg) | LS16: 5.01 | LT16: 7.89 | LU16: 8.01 | LV16: =(LU16-LT16)/LT16 -> 0.015209125 | LW16: =(LU16-LS16)/LS16 -> 0.5988024 | LY16: 가격 | LZ16: 지육(A$/kg) | MA16: 5.11 | MB16: 8.01 | MC16: 8.19 | MD16: =(MC16-MB16)/MB16 -> 0.02247191 | ME16: =(MC16-MA16)/MA16 -> 0.60273973 | MG16: 가격 | MH16: 지육(A$/kg) | MI16: 5.22 | MJ16: 8.19 | MK16: 8.27 | ML16: =(MK16-MJ16)/MJ16 -> 0.0097680098 | MM16: =(MK16-MI16)/MI16 -> 0.58429119 | MO16: 가격 | MP16: 지육(A$/kg) | MQ16: 5.17 | MR16: 8.27 | MS16: 8.24 | MT16: =(MS16-MR16)/MR16 -> -0.0036275695 | MU16: =(MS16-MQ16)/MQ16 -> 0.59381044 | MW16: 가격 | MX16: 지육(A$/kg) | MY16: 5.13 | MZ16: 8.24 | NA16: 8.27 | NB16: =(NA16-MZ16)/MZ16 -> 0.0036407767 | NC16: =(NA16-MY16)/MY16 -> 0.61208577 | NE16: 가격 | NF16: 지육(A$/kg) | NG16: 4.99 | NH16: 8.27 | NI16: 8.05 | NJ16: =(NI16-NH16)/NH16 -> -0.026602177 | NK16: =(NI16-NG16)/NG16 -> 0.61322645 | NM16: 가격 | NN16: 지육(A$/kg) | NO16: 4.99 | NP16: 8.05 | NQ16: 7.89 | NR16: =(NQ16-NP16)/NP16 -> -0.019875776 | NS16: =(NQ16-NO16)/NO16 -> 0.58116232 | NU16: 가격 | NV16: 지육(A$/kg) | NW16: 4.96 | NX16: 7.89 | NY16: 7.92 | NZ16: =(NY16-NX16)/NX16 -> 0.0038022814 | OA16: =(NY16-NW16)/NW16 -> 0.59677419 | OC16: 가격 | OD16: 지육(A$/kg) | OE16: 4.82 | OF16: 7.92 | OG16: 8.14 | OH16: =(OG16-OF16)/OF16 -> 0.027777778 | OI16: =(OG16-OE16)/OE16 -> 0.68879668 | OK16: 가격 | OL16: 지육(A$/kg) | OM16: - | ON16: - | OP16: =(OO16-ON16)/ON16 -> #VALUE! | OQ16: =(OO16-OM16)/OM16 -> #VALUE!
FF17: 지육(A$/lb) | FG17: 5.19 | FI17: 6.5 | FJ17: =(FI17-FH17)/FH17 -> #DIV/0! | FK17: =(FI17-FG17)/FG17 -> 0.25240848 | FN17: 지육(원/kg) | FO17: 4017 | FP17: 5425 | FQ17: 6257 | FR17: =(FQ17-FP17)/FP17 -> 0.15336406 | FS17: =(FQ17-FO17)/FO17 -> 0.55763007 | FV17: 지육(원/kg) | FW17: 3878 | FX17: 6257 | FY17: 6283 | FZ17: =(FY17-FX17)/FX17 -> 0.004155346 | GA17: =(FY17-FW17)/FW17 -> 0.62016503 | GD17: 지육(원/kg) | GE17: 3957 | GF17: 6283 | GG17: 6412 | GH17: =(GG17-GF17)/GF17 -> 0.020531593 | GI17: =(GG17-GE17)/GE17 -> 0.62041951 | GL17: 지육(원/kg) | GM17: 3953 | GN17: 6412 | GO17: 6243 | GP17: =(GO17-GN17)/GN17 -> -0.026356831 | GQ17: =(GO17-GM17)/GM17 -> 0.57930686 | GT17: 지육(원/kg) | GU17: 4037 | GV17: 6243 | GW17: 6339 | GX17: =(GW17-GV17)/GV17 -> 0.015377222 | GY17: =(GW17-GU17)/GU17 -> 0.57022541 | HB17: 지육(원/kg) | HC17: 4225 | HD17: 6339 | HE17: 6260 | HF17: =(HE17-HD17)/HD17 -> -0.012462534 | HG17: =(HE17-HC17)/HC17 -> 0.4816568 | HJ17: 지육(원/kg) | HK17: 4309 | HL17: 6260 | HM17: 6244 | HN17: =(HM17-HL17)/HL17 -> -0.0025559105 | HO17: =(HM17-HK17)/HK17 -> 0.44906011 | HR17: 지육(원/kg) | HS17: 4376 | HT17: 6244 | HU17: 6429 | HV17: =(HU17-HT17)/HT17 -> 0.029628443 | HW17: =(HU17-HS17)/HS17 -> 0.46914991 | HZ17: 지육(원/kg) | IA17: 4336 | IB17: 6429 | IC17: 6426 | ID17: =(IC17-IB17)/IB17 -> -0.00046663556 | IE17: =(IC17-IA17)/IA17 -> 0.48201107 | IH17: 지육(원/kg) | II17: 4371 | IJ17: 6426 | IK17: 6476 | IL17: =(IK17-IJ17)/IJ17 -> 0.0077808901 | IM17: =(IK17-II17)/II17 -> 0.48158316 | IP17: 지육(원/kg) | IQ17: 4335 | IR17: 6476 | IS17: 6482 | IT17: =(IS17-IR17)/IR17 -> 0.00092649784 | IU17: =(IS17-IQ17)/IQ17 -> 0.49527105 | IX17: 지육(원/kg) | IY17: 4159 | IZ17: 6482 | JA17: 6622 | JB17: =(JA17-IZ17)/IZ17 -> 0.021598272 | JC17: =(JA17-IY17)/IY17 -> 0.59220967 | JF17: 지육(원/kg) | JG17: 4121 | JH17: 6622 | JI17: 6751 | JJ17: =(JI17-JH17)/JH17 -> 0.019480519 | JK17: =(JI17-JG17)/JG17 -> 0.63819461 | JN17: 지육(원/kg) | JO17: 4092 | JP17: 6751 | JQ17: 6758 | JR17: =(JQ17-JP17)/JP17 -> 0.0010368834 | JS17: =(JQ17-JO17)/JO17 -> 0.65151515 | JV17: 지육(원/kg) | JW17: 3915 | JX17: 6758 | JY17: 6575 | JZ17: =(JY17-JX17)/JX17 -> -0.027079017 | KA17: =(JY17-JW17)/JW17 -> 0.67943806 | KD17: 지육(원/kg) | KE17: 3801 | KF17: 6575 | KG17: 6540 | KH17: =(KG17-KF17)/KF17 -> -0.0053231939 | KI17: =(KG17-KE17)/KE17 -> 0.72059984 | KL17: 지육(원/kg) | KM17: 3960 | KN17: 6540 | KO17: 6396 | KP17: =(KO17-KN17)/KN17 -> -0.022018349 | KQ17: =(KO17-KM17)/KM17 -> 0.61515152 | KT17: 지육(원/kg) | KU17: 3949 | KV17: 6396 | KW17: 6457 | KX17: =(KW17-KV17)/KV17 -> 0.0095372108 | KY17: =(KW17-KU17)/KU17 -> 0.63509749 | LB17: 지육(원/kg) | LC17: 3932 | LD17: 6457 | LE17: 6543 | LF17: =(LE17-LD17)/LD17 -> 0.013318879 | LG17: =(LE17-LC17)/LC17 -> 0.66403866 | LJ17: 지육(원/kg) | LK17: 4056 | LL17: 6543 | LM17: 6413 | LN17: =(LM17-LL17)/LL17 -> -0.019868562 | LO17: =(LM17-LK17)/LK17 -> 0.5811144 | LR17: 지육(원/kg) | LS17: 4015 | LT17: 6413 | LU17: 6456 | LV17: =(LU17-LT17)/LT17 -> 0.0067051302 | LW17: =(LU17-LS17)/LS17 -> 0.60797011 | LZ17: 지육(원/kg) | MA17: 4119 | MB17: 6456 | MC17: 6539 | MD17: =(MC17-MB17)/MB17 -> 0.012856258 | ME17: =(MC17-MA17)/MA17 -> 0.58752124 | MH17: 지육(원/kg) | MI17: 4167 | MJ17: 6539 | MK17: 6725 | ML17: =(MK17-MJ17)/MJ17 -> 0.028444716 | MM17: =(MK17-MI17)/MI17 -> 0.61387089 | MP17: 지육(원/kg) | MQ17: 4110 | MR17: 6725 | MS17: 6668 | MT17: =(MS17-MR17)/MR17 -> -0.0084758364 | MU17: =(MS17-MQ17)/MQ17 -> 0.62238443 | MX17: 지육(원/kg) | MY17: 4104 | MZ17: 6668 | NA17: 6713 | NB17: =(NA17-MZ17)/MZ17 -> 0.0067486503 | NC17: =(NA17-MY17)/MY17 -> 0.63572125 | NF17: 지육(원/kg) | NG17: 3983 | NH17: 6713 | NI17: 6567 | NJ17: =(NI17-NH17)/NH17 -> -0.021748846 | NK17: =(NI17-NG17)/NG17 -> 0.64875722 | NN17: 지육(원/kg) | NO17: 4065 | NP17: 6567 | NQ17: 6399 | NR17: =(NQ17-NP17)/NP17 -> -0.025582458 | NS17: =(NQ17-NO17)/NO17 -> 0.57416974 | NV17: 지육(원/kg) | NW17: 4058 | NX17: 6399 | NY17: 6455 | NZ17: =(NY17-NX17)/NX17 -> 0.0087513674 | OA17: =(NY17-NW17)/NW17 -> 0.59068507 | OD17: 지육(원/kg) | OE17: 3861 | OF17: 6455 | OG17: 6796 | OH17: =(OG17-OF17)/OF17 -> 0.052827266 | OI17: =(OG17-OE17)/OE17 -> 0.76016576 | OL17: 지육(원/kg) | OM17: - | ON17: - | OP17: =(OO17-ON17)/ON17 -> #VALUE! | OQ17: =(OO17-OM17)/OM17 -> #VALUE!
FE19: 돼지/미국 | FM19: 돼지/미국 | FU19: 돼지/미국 | GC19: 돼지/미국 | GK19: 돼지/미국 | GS19: 돼지/미국 | HA19: 돼지/미국 | HI19: 돼지/미국 | HQ19: 돼지/미국 | HY19: 돼지/미국 | IG19: 돼지/미국 | IO19: 돼지/미국 | IW19: 돼지/미국 | JE19: 돼지/미국 | JM19: 돼지/미국 | JU19: 돼지/미국 | KC19: 돼지/미국 | KK19: 돼지/미국 | KS19: 돼지/미국 | LA19: 돼지/미국 | LI19: 돼지/미국 | LQ19: 돼지/미국 | LY19: 돼지/미국 | MG19: 돼지/미국 | MO19: 돼지/미국 | MW19: 돼지/미국 | NE19: 돼지/미국 | NM19: 돼지/미국 | NU19: 돼지/미국 | OC19: 돼지/미국 | OK19: 돼지/미국
FE20: 구분 | FG20: 2019년 | FH20: 2020년 | FJ20: 전주 | FK20: 전년 | FM20: 구분 | FO20: 2019년 | FP20: 2020년 | FR20: 전주 | FS20: 전년 | FU20: 구분 | FW20: 2019년 | FX20: 2020년 | FZ20: 전주 | GA20: 전년 | GC20: 구분 | GE20: 2019년 | GF20: 2020년 | GH20: 전주 | GI20: 전년 | GK20: 구분 | GM20: 2019년 | GN20: 2020년 | GP20: 전주 | GQ20: 전년 | GS20: 구분 | GU20: 2019년 | GV20: 2020년 | GX20: 전주 | GY20: 전년 | HA20: 구분 | HC20: 2019년 | HD20: 2020년 | HF20: 전주 | HG20: 전년 | HI20: 구분 | HK20: 2019년 | HL20: 2020년 | HN20: 전주 | HO20: 전년 | HQ20: 구분 | HS20: 2019년 | HT20: 2020년 | HV20: 전주 | HW20: 전년 | HY20: 구분 | IA20: 2019년 | IB20: 2020년 | ID20: 전주 | IE20: 전년 | IG20: 구분 | II20: 2019년 | IJ20: 2020년 | IL20: 전주 | IM20: 전년 | IO20: 구분 | IQ20: 2019년 | IR20: 2020년 | IT20: 전주 | IU20: 전년 | IW20: 구분 | IY20: 2019년 | IZ20: 2020년 | JB20: 전주 | JC20: 전년 | JE20: 구분 | JG20: 2019년 | JH20: 2020년 | JJ20: 전주 | JK20: 전년 | JM20: 구분 | JO20: 2019년 | JP20: 2020년 | JR20: 전주 | JS20: 전년 | JU20: 구분 | JW20: 2019년 | JX20: 2020년 | JZ20: 전주 | KA20: 전년 | KC20: 구분 | KE20: 2019년 | KF20: 2020년 | KH20: 전주 | KI20: 전년 | KK20: 구분 | KM20: 2019년 | KN20: 2020년 | KP20: 전주 | KQ20: 전년 | KS20: 구분 | KU20: 2019년 | KV20: 2020년 | KX20: 전주 | KY20: 전년 | LA20: 구분 | LC20: 2019년 | LD20: 2020년 | LF20: 전주 | LG20: 전년 | LI20: 구분 | LK20: 2019년 | LL20: 2020년 | LN20: 전주 | LO20: 전년 | LQ20: 구분 | LS20: 2019년 | LT20: 2020년 | LV20: 전주 | LW20: 전년 | LY20: 구분 | MA20: 2019년 | MB20: 2020년 | MD20: 전주 | ME20: 전년 | MG20: 구분 | MI20: 2019년 | MJ20: 2020년 | ML20: 전주 | MM20: 전년 | MO20: 구분 | MQ20: 2019년 | MR20: 2020년 | MT20: 전주 | MU20: 전년 | MW20: 구분 | MY20: 2019년 | MZ20: 2020년 | NB20: 전주 | NC20: 전년 | NE20: 구분 | NG20: 2019년 | NH20: 2020년 | NJ20: 전주 | NK20: 전년 | NM20: 구분 | NO20: 2019년 | NP20: 2020년 | NR20: 전주 | NS20: 전년 | NU20: 구분 | NW20: 2019년 | NX20: 2020년 | NZ20: 전주 | OA20: 전년 | OC20: 구분 | OE20: 2019년 | OF20: 2020년 | OH20: 전주 | OI20: 전년 | OK20: 구분 | OM20: 2019년 | ON20: 2020년 | OP20: 전주 | OQ20: 전년
FG21: 5월4주 | FH21: 5월3주 | FI21: 5월4주 | FJ21: 대비 | FK21: 대비 | FO21: 6월1주 | FP21: 5월4주 | FQ21: 6월1주 | FR21: 대비 | FS21: 대비 | FW21: 6월2주 | FX21: 6월1주 | FY21: 6월2주 | FZ21: 대비 | GA21: 대비 | GE21: 6월3주 | GF21: 6월2주 | GG21: 6월3주 | GH21: 대비 | GI21: 대비 | GM21: 6월4주 | GN21: 6월3주 | GO21: 6월4주 | GP21: 대비 | GQ21: 대비 | GU21: 7월1주 | GV21: 6월4주 | GW21: 7월1주 | GX21: 대비 | GY21: 대비 | HC21: 7월2주 | HD21: 7월1주 | HE21: 7월2주 | HF21: 대비 | HG21: 대비 | HK21: 7월3주 | HL21: 7월2주 | HM21: 7월3주 | HN21: 대비 | HO21: 대비 | HS21: 7월 4주 | HT21: 7월3주 | HU21: 7월 4주 | HV21: 대비 | HW21: 대비 | IA21: 7월 5주 | IB21: 7월 4주 | IC21: 7월 5주 | ID21: 대비 | IE21: 대비 | II21: 8월 1주 | IJ21: 7월 5주 | IK21: 8월 1주 | IL21: 대비 | IM21: 대비 | IQ21: 8월 2주 | IR21: 8월 1주 | IS21: 8월 2주 | IT21: 대비 | IU21: 대비 | IY21: 8월 3주 | IZ21: 8월 2주 | JA21: 8월 3주 | JB21: 대비 | JC21: 대비 | JG21: 8월 4주 | JH21: 8월 3주 | JI21: 8월 4주 | JJ21: 대비 | JK21: 대비 | JO21: 9월 1주 | JP21: 8월 4주 | JQ21: 9월 1주 | JR21: 대비 | JS21: 대비 | JW21: 9월 2주 | JX21: 9월 1주 | JY21: 9월 2주 | JZ21: 대비 | KA21: 대비 | KE21: 9월 3주 | KF21: 9월 2주 | KG21: 9월 3주 | KH21: 대비 | KI21: 대비 | KM21: 9월 4주 | KN21: 9월 3주 | KO21: 9월 4주 | KP21: 대비 | KQ21: 대비 | KU21: 9월 5주 | KV21: 9월 4주 | KW21: 9월 5주 | KX21: 대비 | KY21: 대비 | LC21: 10월1주 | LD21: 9월 5주 | LE21: 10월1주 | LF21: 대비 | LG21: 대비 | LK21: 10월2주 | LL21: 10월1주 | LM21: 10월2주 | LN21: 대비 | LO21: 대비 | LS21: 10월3주 | LT21: 10월2주 | LU21: 10월3주 | LV21: 대비 | LW21: 대비 | MA21: 10월4주 | MB21: 10월3주 | MC21: 10월4주 | MD21: 대비 | ME21: 대비 | MI21: 11월1주 | MJ21: 10월4주 | MK21: 11월1주 | ML21: 대비 | MM21: 대비 | MQ21: 11월2주 | MR21: 11월1주 | MS21: 11월2주 | MT21: 대비 | MU21: 대비 | MY21: 11월3주 | MZ21: 11월2주 | NA21: 11월3주 | NB21: 대비 | NC21: 대비 | NG21: 11월4주 | NH21: 11월3주 | NI21: 11월4주 | NJ21: 대비 | NK21: 대비 | NO21: 12월1주 | NP21: 11월4주 | NQ21: 12월1주 | NR21: 대비 | NS21: 대비 | NW21: 12월2주 | NX21: 12월1주 | NY21: 12월2주 | NZ21: 대비 | OA21: 대비 | OE21: 12월3주 | OF21: 12월2주 | OG21: 12월3주 | OH21: 대비 | OI21: 대비 | OM21: 12월4주 | ON21: 12월3주 | OO21: 12월4주 | OP21: 대비 | OQ21: 대비
FE22: 수급 | FF22: 도축(천두) | FG22: 2325 | FH22: 2137 | FI22: 1966 | FJ22: =(FI22-FH22)/FH22 -> -0.080018718 | FK22: =(FI22-FG22)/FG22 -> -0.1544086 | FM22: 수급 | FN22: 도축(천두) | FO22: 2128 | FP22: 1949 | FQ22: 2452 | FR22: =(FQ22-FP22)/FP22 -> 0.25808107 | FS22: =(FQ22-FO22)/FO22 -> 0.15225564 | FU22: 수급 | FV22: 도축(천두) | FW22: 2417 | FX22: 2442 | FY22: 2457 | FZ22: =(FY22-FX22)/FX22 -> 0.0061425061 | GA22: =(FY22-FW22)/FW22 -> 0.016549441 | GC22: 수급 | GD22: 도축(천두) | GE22: 2431 | GF22: 2451 | GG22: 2587 | GH22: =(GG22-GF22)/GF22 -> 0.055487556 | GI22: =(GG22-GE22)/GE22 -> 0.064171123 | GK22: 수급 | GL22: 도축(천두) | GM22: 2449 | GN22: 2587 | GO22: 2641 | GP22: =(GO22-GN22)/GN22 -> 0.020873599 | GQ22: =(GO22-GM22)/GM22 -> 0.078399347 | GS22: 수급 | GT22: 도축(천두) | GU22: 2384 | GV22: 2641 | GW22: 2043 | GX22: =(GW22-GV22)/GV22 -> -0.22642938 | GY22: =(GW22-GU22)/GU22 -> -0.14303691 | HA22: 수급 | HB22: 도축(천두) | HC22: 2072 | HD22: 2043 | HE22: 2593 | HF22: =(HE22-HD22)/HD22 -> 0.26921194 | HG22: =(HE22-HC22)/HC22 -> 0.25144788 | HI22: 수급 | HJ22: 도축(천두) | HK22: 2415 | HL22: 2593 | HM22: 2518 | HN22: =(HM22-HL22)/HL22 -> -0.028924026 | HO22: =(HM22-HK22)/HK22 -> 0.042650104 | HQ22: 수급 | HR22: 도축(천두) | HS22: 2303 | HT22: 2518 | HU22: 2583 | HV22: =(HU22-HT22)/HT22 -> 0.025814138 | HW22: =(HU22-HS22)/HS22 -> 0.12158055 | HY22: 수급 | HZ22: 도축(천두) | IA22: 2362 | IB22: 2583 | IC22: 2543 | ID22: =(IC22-IB22)/IB22 -> -0.015485869 | IE22: =(IC22-IA22)/IA22 -> 0.076629975 | IG22: 수급 | IH22: 도축(천두) | II22: 2356 | IJ22: 2538 | IK22: 2534 | IL22: =(IK22-IJ22)/IJ22 -> -0.0015760441 | IM22: =(IK22-II22)/II22 -> 0.075551783 | IO22: 수급 | IP22: 도축(천두) | IQ22: 2354 | IR22: 2534 | IS22: 2565 | IT22: =(IS22-IR22)/IR22 -> 0.012233623 | IU22: =(IS22-IQ22)/IQ22 -> 0.089634664 | IW22: 수급 | IX22: 도축(천두) | IY22: 2497 | IZ22: 2559 | JA22: 2618 | JB22: =(JA22-IZ22)/IZ22 -> 0.023055881 | JC22: =(JA22-IY22)/IY22 -> 0.04845815 | JE22: 수급 | JF22: 도축(천두) | JG22: 2528 | JH22: 2618 | JI22: 2664 | JJ22: =(JI22-JH22)/JH22 -> 0.017570665 | JK22: =(JI22-JG22)/JG22 -> 0.053797468 | JM22: 수급 | JN22: 도축(천두) | JO22: 2461 | JP22: 2657 | JQ22: 2484 | JR22: =(JQ22-JP22)/JP22 -> -0.065111027 | JS22: =(JQ22-JO22)/JO22 -> 0.0093457944 | JU22: 수급 | JV22: 도축(천두) | JW22: 2204 | JX22: 2475 | JY22: 2335 | JZ22: =(JY22-JX22)/JX22 -> -0.056565657 | KA22: =(JY22-JW22)/JW22 -> 0.059437387 | KC22: 수급 | KD22: 도축(천두) | KE22: 2611 | KF22: 2323 | KG22: 2587 | KH22: =(KG22-KF22)/KF22 -> 0.11364615 | KI22: =(KG22-KE22)/KE22 -> -0.0091918805 | KK22: 수급 | KL22: 도축(천두) | KM22: 2587 | KN22: 2578 | KO22: 2627 | KP22: =(KO22-KN22)/KN22 -> 0.019006982 | KQ22: =(KO22-KM22)/KM22 -> 0.015461925 | KS22: 수급 | KT22: 도축(천두) | KU22: 2646 | KV22: 2601 | KW22: 2603 | KX22: =(KW22-KV22)/KV22 -> 0.00076893502 | KY22: =(KW22-KU22)/KU22 -> -0.016250945 | LA22: 수급 | LB22: 도축(천두) | LC22: 2669 | LD22: 2603 | LE22: 2730 | LF22: =(LE22-LD22)/LD22 -> 0.048789858 | LG22: =(LE22-LC22)/LC22 -> 0.022855002 | LI22: 수급 | LJ22: 도축(천두) | LK22: 2725 | LL22: 2730 | LM22: 2688 | LN22: =(LM22-LL22)/LL22 -> -0.015384615 | LO22: =(LM22-LK22)/LK22 -> -0.013577982 | LQ22: 수급 | LR22: 도축(천두) | LS22: 2726 | LT22: 2688 | LU22: 2679 | LV22: =(LU22-LT22)/LT22 -> -0.0033482143 | LW22: =(LU22-LS22)/LS22 -> -0.017241379 | LY22: 수급 | LZ22: 도축(천두) | MA22: 2693 | MB22: 2672 | MC22: 2683 | MD22: =(MC22-MB22)/MB22 -> 0.0041167665 | ME22: =(MC22-MA22)/MA22 -> -0.0037133309 | MG22: 수급 | MH22: 도축(천두) | MI22: 2669 | MJ22: 2683 | MK22: 2713 | ML22: =(MK22-MJ22)/MJ22 -> 0.011181513 | MM22: =(MK22-MI22)/MI22 -> 0.016485575 | MO22: 수급 | MP22: 도축(천두) | MQ22: 2693 | MR22: 2713 | MS22: 2688 | MT22: =(MS22-MR22)/MR22 -> -0.0092148913 | MU22: =(MS22-MQ22)/MQ22 -> -0.0018566654 | MW22: 수급 | MX22: 도축(천두) | MY22: 2749 | MZ22: 2683 | NA22: 2711 | NB22: =(NA22-MZ22)/MZ22 -> 0.010436079 | NC22: =(NA22-MY22)/MY22 -> -0.013823208 | NE22: 수급 | NF22: 도축(천두) | NG22: 2758 | NH22: 2711 | NI22: 2350 | NJ22: =(NI22-NH22)/NH22 -> -0.1331612 | NK22: =(NI22-NG22)/NG22 -> -0.14793328 | NM22: 수급 | NN22: 도축(천두) | NO22: 2343 | NP22: 2350 | NQ22: 2789 | NR22: =(NQ22-NP22)/NP22 -> 0.18680851 | NS22: =(NQ22-NO22)/NO22 -> 0.19035425 | NU22: 수급 | NV22: 도축(천두) | NW22: 2799 | NX22: 2777 | NY22: 2776 | NZ22: =(NY22-NX22)/NX22 -> -0.00036010083 | OA22: =(NY22-NW22)/NW22 -> -0.0082172204 | OC22: 수급 | OD22: 도축(천두) | OE22: 2763 | OF22: 2762 | OG22: 2792 | OH22: =(OG22-OF22)/OF22 -> 0.010861694 | OI22: =(OG22-OE22)/OE22 -> 0.010495838 | OK22: 수급 | OL22: 도축(천두) | OM22: 2810 | ON22: 2787 | OO22: 1740 | OP22: =(OO22-ON22)/ON22 -> -0.37567277 | OQ22: =(OO22-OM22)/OM22 -> -0.38078292
FF23: 수출(천톤) | FJ23: =(FI23-FH23)/FH23 -> #DIV/0! | FK23: =(FI23-FG23)/FG23 -> #DIV/0! | FN23: 수출(천톤) | FR23: =(FQ23-FP23)/FP23 -> #DIV/0! | FS23: =(FQ23-FO23)/FO23 -> #DIV/0! | FV23: 수출(천톤) | FZ23: =(FY23-FX23)/FX23 -> #DIV/0! | GA23: =(FY23-FW23)/FW23 -> #DIV/0! | GD23: 수출(천톤) | GH23: =(GG23-GF23)/GF23 -> #DIV/0! | GI23: =(GG23-GE23)/GE23 -> #DIV/0! | GL23: 수출(천톤) | GP23: =(GO23-GN23)/GN23 -> #DIV/0! | GQ23: =(GO23-GM23)/GM23 -> #DIV/0! | GT23: 수출(천톤) | GX23: =(GW23-GV23)/GV23 -> #DIV/0! | GY23: =(GW23-GU23)/GU23 -> #DIV/0! | HB23: 수출(천톤) | HF23: =(HE23-HD23)/HD23 -> #DIV/0! | HG23: =(HE23-HC23)/HC23 -> #DIV/0! | HJ23: 수출(천톤) | HN23: =(HM23-HL23)/HL23 -> #DIV/0! | HO23: =(HM23-HK23)/HK23 -> #DIV/0! | HR23: 수출(천톤) | HV23: =(HU23-HT23)/HT23 -> #DIV/0! | HW23: =(HU23-HS23)/HS23 -> #DIV/0! | HZ23: 수출(천톤) | ID23: =(IC23-IB23)/IB23 -> #DIV/0! | IE23: =(IC23-IA23)/IA23 -> #DIV/0! | IH23: 수출(천톤) | IL23: =(IK23-IJ23)/IJ23 -> #DIV/0! | IM23: =(IK23-II23)/II23 -> #DIV/0! | IP23: 수출(천톤) | IT23: =(IS23-IR23)/IR23 -> #DIV/0! | IU23: =(IS23-IQ23)/IQ23 -> #DIV/0! | IX23: 수출(천톤) | JB23: =(JA23-IZ23)/IZ23 -> #DIV/0! | JC23: =(JA23-IY23)/IY23 -> #DIV/0! | JF23: 수출(천톤) | JJ23: =(JI23-JH23)/JH23 -> #DIV/0! | JK23: =(JI23-JG23)/JG23 -> #DIV/0! | JN23: 수출(천톤) | JR23: =(JQ23-JP23)/JP23 -> #DIV/0! | JS23: =(JQ23-JO23)/JO23 -> #DIV/0! | JV23: 수출(천톤) | JZ23: =(JY23-JX23)/JX23 -> #DIV/0! | KA23: =(JY23-JW23)/JW23 -> #DIV/0! | KD23: 수출(천톤) | KH23: =(KG23-KF23)/KF23 -> #DIV/0! | KI23: =(KG23-KE23)/KE23 -> #DIV/0! | KL23: 수출(천톤) | KP23: =(KO23-KN23)/KN23 -> #DIV/0! | KQ23: =(KO23-KM23)/KM23 -> #DIV/0! | KT23: 수출(천톤) | KX23: =(KW23-KV23)/KV23 -> #DIV/0! | KY23: =(KW23-KU23)/KU23 -> #DIV/0! | LB23: 수출(천톤) | LF23: =(LE23-LD23)/LD23 -> #DIV/0! | LG23: =(LE23-LC23)/LC23 -> #DIV/0! | LJ23: 수출(천톤) | LN23: =(LM23-LL23)/LL23 -> #DIV/0! | LO23: =(LM23-LK23)/LK23 -> #DIV/0! | LR23: 수출(천톤) | LV23: =(LU23-LT23)/LT23 -> #DIV/0! | LW23: =(LU23-LS23)/LS23 -> #DIV/0! | LZ23: 수출(천톤) | MD23: =(MC23-MB23)/MB23 -> #DIV/0! | ME23: =(MC23-MA23)/MA23 -> #DIV/0! | MH23: 수출(천톤) | ML23: =(MK23-MJ23)/MJ23 -> #DIV/0! | MM23: =(MK23-MI23)/MI23 -> #DIV/0! | MP23: 수출(천톤) | MT23: =(MS23-MR23)/MR23 -> #DIV/0! | MU23: =(MS23-MQ23)/MQ23 -> #DIV/0! | MX23: 수출(천톤) | NB23: =(NA23-MZ23)/MZ23 -> #DIV/0! | NC23: =(NA23-MY23)/MY23 -> #DIV/0! | NF23: 수출(천톤) | NJ23: =(NI23-NH23)/NH23 -> #DIV/0! | NK23: =(NI23-NG23)/NG23 -> #DIV/0! | NN23: 수출(천톤) | NR23: =(NQ23-NP23)/NP23 -> #DIV/0! | NS23: =(NQ23-NO23)/NO23 -> #DIV/0! | NV23: 수출(천톤) | NZ23: =(NY23-NX23)/NX23 -> #DIV/0! | OA23: =(NY23-NW23)/NW23 -> #DIV/0! | OD23: 수출(천톤) | OH23: =(OG23-OF23)/OF23 -> #DIV/0! | OI23: =(OG23-OE23)/OE23 -> #DIV/0! | OL23: 수출(천톤) | OP23: =(OO23-ON23)/ON23 -> #DIV/0! | OQ23: =(OO23-OM23)/OM23 -> #DIV/0!
FE24: 가격 | FF24: 생돈($/lb) | FG24: 0.78 | FH24: 0.39 | FI24: 0.37 | FJ24: =(FI24-FH24)/FH24 -> -0.051282051 | FK24: =(FI24-FG24)/FG24 -> -0.52564103 | FM24: 가격 | FN24: 지육($/kg) | FR24: =(FQ24-FP24)/FP24 -> #DIV/0! | FS24: =(FQ24-FO24)/FO24 -> #DIV/0! | FU24: 가격 | FV24: 지육($/kg) | FZ24: =(FY24-FX24)/FX24 -> #DIV/0! | GA24: =(FY24-FW24)/FW24 -> #DIV/0! | GC24: 가격 | GD24: 지육($/kg) | GE24: 1.83 | GF24: 1.54 | GG24: 1.43 | GH24: =(GG24-GF24)/GF24 -> -0.071428571 | GI24: =(GG24-GE24)/GE24 -> -0.21857923 | GK24: 가격 | GL24: 지육($/kg) | GM24: 1.74 | GN24: 1.43 | GO24: 1.43 | GP24: =(GO24-GN24)/GN24 -> 0 | GQ24: =(GO24-GM24)/GM24 -> -0.17816092 | GS24: 가격 | GT24: 지육($/kg) | GU24: 1.65 | GV24: 1.43 | GW24: 1.43 | GX24: =(GW24-GV24)/GV24 -> 0 | GY24: =(GW24-GU24)/GU24 -> -0.13333333 | HA24: 가격 | HB24: 지육($/kg) | HC24: 1.61 | HD24: 1.43 | HE24: 1.46 | HF24: =(HE24-HD24)/HD24 -> 0.020979021 | HG24: =(HE24-HC24)/HC24 -> -0.093167702 | HI24: 가격 | HJ24: 지육($/kg) | HK24: 1.59 | HL24: 1.46 | HM24: 1.5 | HN24: =(HM24-HL24)/HL24 -> 0.02739726 | HO24: =(HM24-HK24)/HK24 -> -0.056603774 | HQ24: 가격 | HR24: 지육($/kg) | HS24: 1.68 | HT24: 1.5 | HU24: 1.54 | HV24: =(HU24-HT24)/HT24 -> 0.026666667 | HW24: =(HU24-HS24)/HS24 -> -0.083333333 | HY24: 가격 | HZ24: 지육($/kg) | IA24: 1.81 | IB24: 1.54 | IC24: 1.5 | ID24: =(IC24-IB24)/IB24 -> -0.025974026 | IE24: =(IC24-IA24)/IA24 -> -0.17127072 | IG24: 가격 | IH24: 지육($/kg) | II24: 1.92 | IJ24: 1.5 | IK24: 1.5 | IL24: =(IK24-IJ24)/IJ24 -> 0 | IM24: =(IK24-II24)/II24 -> -0.21875 | IO24: 가격 | IP24: 지육($/kg) | IQ24: 1.96 | IR24: 1.5 | IS24: 1.59 | IT24: =(IS24-IR24)/IR24 -> 0.06 | IU24: =(IS24-IQ24)/IQ24 -> -0.18877551 | IW24: 가격 | IX24: 지육($/kg) | IY24: 1.96 | IZ24: 1.59 | JA24: 1.65 | JB24: =(JA24-IZ24)/IZ24 -> 0.037735849 | JC24: =(JA24-IY24)/IY24 -> -0.15816327 | JE24: 가격 | JF24: 지육($/kg) | JG24: 1.81 | JH24: 1.65 | JI24: 1.61 | JJ24: =(JI24-JH24)/JH24 -> -0.024242424 | JK24: =(JI24-JG24)/JG24 -> -0.11049724 | JM24: 가격 | JN24: 지육($/kg) | JO24: 1.63 | JP24: 1.61 | JQ24: 1.68 | JR24: =(JQ24-JP24)/JP24 -> 0.043478261 | JS24: =(JQ24-JO24)/JO24 -> 0.030674847 | JU24: 가격 | JV24: 지육($/kg) | JW24: 1.61 | JX24: 1.68 | JY24: 1.79 | JZ24: =(JY24-JX24)/JX24 -> 0.06547619 | KA24: =(JY24-JW24)/JW24 -> 0.11180124 | KC24: 가격 | KD24: 지육($/kg) | KE24: 1.57 | KF24: 1.79 | KG24: 1.85 | KH24: =(KG24-KF24)/KF24 -> 0.033519553 | KI24: =(KG24-KE24)/KE24 -> 0.17834395 | KK24: 가격 | KL24: 지육($/kg) | KM24: 1.52 | KN24: 1.85 | KO24: 1.98 | KP24: =(KO24-KN24)/KN24 -> 0.07027027 | KQ24: =(KO24-KM24)/KM24 -> 0.30263158 | KS24: 가격 | KT24: 지육($/kg) | KU24: 1.57 | KV24: 1.98 | KW24: 2.05 | KX24: =(KW24-KV24)/KV24 -> 0.035353535 | KY24: =(KW24-KU24)/KU24 -> 0.30573248 | LA24: 가격 | LB24: 지육($/kg) | LC24: 1.65 | LD24: 2.05 | LE24: 2.09 | LF24: =(LE24-LD24)/LD24 -> 0.019512195 | LG24: =(LE24-LC24)/LC24 -> 0.26666667 | LI24: 가격 | LJ24: 지육($/kg) | LK24: 1.7 | LL24: 2.09 | LM24: 2.14 | LN24: =(LM24-LL24)/LL24 -> 0.023923445 | LO24: =(LM24-LK24)/LK24 -> 0.25882353 | LQ24: 가격 | LR24: 지육($/kg) | LS24: 1.7 | LT24: 2.14 | LU24: 2.14 | LV24: =(LU24-LT24)/LT24 -> 0 | LW24: =(LU24-LS24)/LS24 -> 0.25882353 | LY24: 가격 | LZ24: 지육($/kg) | MA24: 1.68 | MB24: 2.14 | MC24: 1.92 | MD24: =(MC24-MB24)/MB24 -> -0.10280374 | ME24: =(MC24-MA24)/MA24 -> 0.14285714 | MG24: 가격 | MH24: 지육($/kg) | MI24: 1.68 | MJ24: 1.92 | MK24: 1.85 | ML24: =(MK24-MJ24)/MJ24 -> -0.036458333 | MM24: =(MK24-MI24)/MI24 -> 0.10119048 | MO24: 가격 | MP24: 지육($/kg) | MQ24: 1.79 | MR24: 1.85 | MS24: 1.83 | MT24: =(MS24-MR24)/MR24 -> -0.010810811 | MU24: =(MS24-MQ24)/MQ24 -> 0.022346369 | MW24: 가격 | MX24: 지육($/kg) | MY24: 1.92 | MZ24: 1.83 | NA24: 1.74 | NB24: =(NA24-MZ24)/MZ24 -> -0.049180328 | NC24: =(NA24-MY24)/MY24 -> -0.09375 | NE24: 가격 | NF24: 지육($/kg) | NG24: 1.87 | NH24: 1.74 | NI24: 1.72 | NJ24: =(NI24-NH24)/NH24 -> -0.011494253 | NK24: =(NI24-NG24)/NG24 -> -0.080213904 | NM24: 가격 | NN24: 지육($/kg) | NO24: 1.81 | NP24: 1.72 | NQ24: 1.72 | NR24: =(NQ24-NP24)/NP24 -> 0 | NS24: =(NQ24-NO24)/NO24 -> -0.049723757 | NU24: 가격 | NV24: 지육($/kg) | NW24: 1.81 | NX24: 1.72 | NY24: 1.72 | NZ24: =(NY24-NX24)/NX24 -> 0 | OA24: =(NY24-NW24)/NW24 -> -0.049723757 | OC24: 가격 | OD24: 지육($/kg) | OE24: 1.81 | OF24: 1.72 | OG24: 1.63 | OH24: =(OG24-OF24)/OF24 -> -0.052325581 | OI24: =(OG24-OE24)/OE24 -> -0.099447514 | OK24: 가격 | OL24: 지육($/kg) | OM24: 1.72 | ON24: 1.63 | OO24: 1.54 | OP24: =(OO24-ON24)/ON24 -> -0.055214724 | OQ24: =(OO24-OM24)/OM24 -> -0.10465116
FF25: 지육($/lb) | FG25: 0.85 | FH25: 1 | FI25: 0.91 | FJ25: =(FI25-FH25)/FH25 -> -0.09 | FK25: =(FI25-FG25)/FG25 -> 0.070588235 | FN25: 지육(원/kg) | FO25: 2182 | FP25: 2442 | FQ25: 1999 | FR25: =(FQ25-FP25)/FP25 -> -0.18140868 | FS25: =(FQ25-FO25)/FO25 -> -0.083868011 | FV25: 지육(원/kg) | FW25: 1996 | FX25: 1999 | FY25: 1830 | FZ25: =(FY25-FX25)/FX25 -> -0.084542271 | GA25: =(FY25-FW25)/FW25 -> -0.083166333 | GD25: 지육(원/kg) | GE25: 2153 | GF25: 1830 | GG25: 1728 | GH25: =(GG25-GF25)/GF25 -> -0.055737705 | GI25: =(GG25-GE25)/GE25 -> -0.19739898 | GL25: 지육(원/kg) | GM25: 2014 | GN25: 1728 | GO25: 1725 | GP25: =(GO25-GN25)/GN25 -> -0.0017361111 | GQ25: =(GO25-GM25)/GM25 -> -0.14349553 | GT25: 지육(원/kg) | GU25: 1935 | GV25: 1725 | GW25: 1712 | GX25: =(GW25-GV25)/GV25 -> -0.0075362319 | GY25: =(GW25-GU25)/GU25 -> -0.11524548 | HB25: 지육(원/kg) | HC25: 1901 | HD25: 1712 | HE25: 1748 | HF25: =(HE25-HD25)/HD25 -> 0.021028037 | HG25: =(HE25-HC25)/HC25 -> -0.080483956 | HJ25: 지육(원/kg) | HK25: 1875 | HL25: 1748 | HM25: 1794 | HN25: =(HM25-HL25)/HL25 -> 0.026315789 | HO25: =(HM25-HK25)/HK25 -> -0.0432 | HR25: 지육(원/kg) | HS25: 1975 | HT25: 1794 | HU25: 1844 | HV25: =(HU25-HT25)/HT25 -> 0.02787068 | HW25: =(HU25-HS25)/HS25 -> -0.066329114 | HZ25: 지육(원/kg) | IA25: 2139 | IB25: 1844 | IC25: 1781 | ID25: =(IC25-IB25)/IB25 -> -0.034164859 | IE25: =(IC25-IA25)/IA25 -> -0.16736793 | IH25: 지육(원/kg) | II25: 2331 | IJ25: 1781 | IK25: 1776 | IL25: =(IK25-IJ25)/IJ25 -> -0.0028074116 | IM25: =(IK25-II25)/II25 -> -0.23809524 | IP25: 지육(원/kg) | IQ25: 2384 | IR25: 1776 | IS25: 1875 | IT25: =(IS25-IR25)/IR25 -> 0.055743243 | IU25: =(IS25-IQ25)/IQ25 -> -0.21350671 | IX25: 지육(원/kg) | IY25: 2361 | IZ25: 1875 | JA25: 1963 | JB25: =(JA25-IZ25)/IZ25 -> 0.046933333 | JC25: =(JA25-IY25)/IY25 -> -0.16857264 | JF25: 지육(원/kg) | JG25: 2196 | JH25: 1963 | JI25: 1910 | JJ25: =(JI25-JH25)/JH25 -> -0.026999491 | JK25: =(JI25-JG25)/JG25 -> -0.13023679 | JN25: 지육(원/kg) | JO25: 1969 | JP25: 1910 | JQ25: 1990 | JR25: =(JQ25-JP25)/JP25 -> 0.041884817 | JS25: =(JQ25-JO25)/JO25 -> 0.010665312 | JV25: 지육(원/kg) | JW25: 1922 | JX25: 1990 | JY25: 2096 | JZ25: =(JY25-JX25)/JX25 -> 0.053266332 | KA25: =(JY25-JW25)/JW25 -> 0.090530697 | KD25: 지육(원/kg) | KE25: 1866 | KF25: 2096 | KG25: 2157 | KH25: =(KG25-KF25)/KF25 -> 0.029103053 | KI25: =(KG25-KE25)/KE25 -> 0.15594855 | KL25: 지육(원/kg) | KM25: 1826 | KN25: 2157 | KO25: 2319 | KP25: =(KO25-KN25)/KN25 -> 0.075104312 | KQ25: =(KO25-KM25)/KM25 -> 0.26998905 | KT25: 지육(원/kg) | KU25: 1889 | KV25: 2319 | KW25: 2382 | KX25: =(KW25-KV25)/KV25 -> 0.027166882 | KY25: =(KW25-KU25)/KU25 -> 0.26098465 | LB25: 지육(원/kg) | LC25: 1978 | LD25: 2382 | LE25: 2401 | LF25: =(LE25-LD25)/LD25 -> 0.0079764903 | LG25: =(LE25-LC25)/LC25 -> 0.21385238 | LJ25: 지육(원/kg) | LK25: 2019 | LL25: 2401 | LM25: 2424 | LN25: =(LM25-LL25)/LL25 -> 0.0095793419 | LO25: =(LM25-LK25)/LK25 -> 0.20059435 | LR25: 지육(원/kg) | LS25: 1991 | LT25: 2424 | LU25: 2424 | LV25: =(LU25-LT25)/LT25 -> 0 | LW25: =(LU25-LS25)/LS25 -> 0.21747865 | LZ25: 지육(원/kg) | MA25: 1954 | MB25: 2424 | MC25: 2187 | MD25: =(MC25-MB25)/MB25 -> -0.097772277 | ME25: =(MC25-MA25)/MA25 -> 0.11924258 | MH25: 지육(원/kg) | MI25: 1941 | MJ25: 2187 | MK25: 2061 | ML25: =(MK25-MJ25)/MJ25 -> -0.057613169 | MM25: =(MK25-MI25)/MI25 -> 0.061823802 | MP25: 지육(원/kg) | MQ25: 2088 | MR25: 2061 | MS25: 2019 | MT25: =(MS25-MR25)/MR25 -> -0.020378457 | MU25: =(MS25-MQ25)/MQ25 -> -0.033045977 | MX25: 지육(원/kg) | MY25: 2245 | MZ25: 2019 | NA25: 1928 | NB25: =(NA25-MZ25)/MZ25 -> -0.045071818 | NC25: =(NA25-MY25)/MY25 -> -0.14120267 | NF25: 지육(원/kg) | NG25: 2207 | NH25: 1928 | NI25: 1897 | NJ25: =(NI25-NH25)/NH25 -> -0.016078838 | NK25: =(NI25-NG25)/NG25 -> -0.14046217 | NN25: 지육(원/kg) | NO25: 2157 | NP25: 1897 | NQ25: 1866 | NR25: =(NQ25-NP25)/NP25 -> -0.016341592 | NS25: =(NQ25-NO25)/NO25 -> -0.1349096 | NV25: 지육(원/kg) | NW25: 2160 | NX25: 1866 | NY25: 1876 | NZ25: =(NY25-NX25)/NX25 -> 0.0053590568 | OA25: =(NY25-NW25)/NW25 -> -0.13148148 | OD25: 지육(원/kg) | OE25: 2112 | OF25: 1876 | OG25: 1809 | OH25: =(OG25-OF25)/OF25 -> -0.035714286 | OI25: =(OG25-OE25)/OE25 -> -0.14346591 | OL25: 지육(원/kg) | OM25: 2002 | ON25: 1809 | OO25: 1678 | OP25: =(OO25-ON25)/ON25 -> -0.072415699 | OQ25: =(OO25-OM25)/OM25 -> -0.16183816
FE27: 돼지/독일 | FM27: 돼지/독일 | FU27: 돼지/독일 | GC27: 돼지/독일 | GK27: 돼지/독일 | GS27: 돼지/독일 | HA27: 돼지/독일 | HI27: 돼지/독일 | HQ27: 돼지/독일 | HY27: 돼지/독일 | IG27: 돼지/독일 | IO27: 돼지/독일 | IW27: 돼지/독일 | JE27: 돼지/독일 | JM27: 돼지/독일 | JU27: 돼지/독일 | KC27: 돼지/독일 | KK27: 돼지/독일 | KS27: 돼지/독일 | LA27: 돼지/독일 | LI27: 돼지/독일 | LQ27: 돼지/독일 | LY27: 돼지/독일 | MG27: 돼지/독일 | MO27: 돼지/독일 | MW27: 돼지/독일 | NE27: 돼지/독일 | NM27: 돼지/독일 | NU27: 돼지/독일 | OC27: 돼지/독일 | OK27: 돼지/독일
FE28: 구분 | FG28: 2019년 | FH28: 2020년 | FJ28: 전주 | FK28: 전년 | FM28: 구분 | FO28: 2019년 | FP28: 2020년 | FR28: 전주 | FS28: 전년 | FU28: 구분 | FW28: 2019년 | FX28: 2020년 | FZ28: 전주 | GA28: 전년 | GC28: 구분 | GE28: 2019년 | GF28: 2020년 | GH28: 전주 | GI28: 전년 | GK28: 구분 | GM28: 2019년 | GN28: 2020년 | GP28: 전주 | GQ28: 전년 | GS28: 구분 | GU28: 2019년 | GV28: 2020년 | GX28: 전주 | GY28: 전년 | HA28: 구분 | HC28: 2019년 | HD28: 2020년 | HF28: 전주 | HG28: 전년 | HI28: 구분 | HK28: 2019년 | HL28: 2020년 | HN28: 전주 | HO28: 전년 | HQ28: 구분 | HS28: 2019년 | HT28: 2020년 | HV28: 전주 | HW28: 전년 | HY28: 구분 | IA28: 2019년 | IB28: 2020년 | ID28: 전주 | IE28: 전년 | IG28: 구분 | II28: 2019년 | IJ28: 2020년 | IL28: 전주 | IM28: 전년 | IO28: 구분 | IQ28: 2019년 | IR28: 2020년 | IT28: 전주 | IU28: 전년 | IW28: 구분 | IY28: 2019년 | IZ28: 2020년 | JB28: 전주 | JC28: 전년 | JE28: 구분 | JG28: 2019년 | JH28: 2020년 | JJ28: 전주 | JK28: 전년 | JM28: 구분 | JO28: 2019년 | JP28: 2020년 | JR28: 전주 | JS28: 전년 | JU28: 구분 | JW28: 2019년 | JX28: 2020년 | JZ28: 전주 | KA28: 전년 | KC28: 구분 | KE28: 2019년 | KF28: 2020년 | KH28: 전주 | KI28: 전년 | KK28: 구분 | KM28: 2019년 | KN28: 2020년 | KP28: 전주 | KQ28: 전년 | KS28: 구분 | KU28: 2019년 | KV28: 2020년 | KX28: 전주 | KY28: 전년 | LA28: 구분 | LC28: 2019년 | LD28: 2020년 | LF28: 전주 | LG28: 전년 | LI28: 구분 | LK28: 2019년 | LL28: 2020년 | LN28: 전주 | LO28: 전년 | LQ28: 구분 | LS28: 2019년 | LT28: 2020년 | LV28: 전주 | LW28: 전년 | LY28: 구분 | MA28: 2019년 | MB28: 2020년 | MD28: 전주 | ME28: 전년 | MG28: 구분 | MI28: 2019년 | MJ28: 2020년 | ML28: 전주 | MM28: 전년 | MO28: 구분 | MQ28: 2019년 | MR28: 2020년 | MT28: 전주 | MU28: 전년 | MW28: 구분 | MY28: 2019년 | MZ28: 2020년 | NB28: 전주 | NC28: 전년 | NE28: 구분 | NG28: 2019년 | NH28: 2020년 | NJ28: 전주 | NK28: 전년 | NM28: 구분 | NO28: 2019년 | NP28: 2020년 | NR28: 전주 | NS28: 전년 | NU28: 구분 | NW28: 2019년 | NX28: 2020년 | NZ28: 전주 | OA28: 전년 | OC28: 구분 | OE28: 2019년 | OF28: 2020년 | OH28: 전주 | OI28: 전년 | OK28: 구분 | OM28: 2019년 | ON28: 2020년 | OP28: 전주 | OQ28: 전년
FG29: 5월3주 | FH29: 5월2주 | FI29: 5월3주 | FJ29: 대비 | FK29: 대비 | FO29: 5월4주 | FP29: 5월3주 | FQ29: 5월4주 | FR29: 대비 | FS29: 대비 | FW29: 6월1주 | FX29: 5월4주 | FY29: 6월1주 | FZ29: 대비 | GA29: 대비 | GE29: 6월2주 | GF29: 6월1주 | GG29: 6월2주 | GH29: 대비 | GI29: 대비 | GM29: 6월3주 | GN29: 6월2주 | GO29: 6월3주 | GP29: 대비 | GQ29: 대비 | GU29: 6월4주 | GV29: 6월3주 | GW29: 6월4주 | GX29: 대비 | GY29: 대비 | HC29: 7월1주 | HD29: 6월4주 | HE29: 7월1주 | HF29: 대비 | HG29: 대비 | HK29: 7월2주 | HL29: 7월1주 | HM29: 7월2주 | HN29: 대비 | HO29: 대비 | HS29: 7월3주 | HT29: 7월2주 | HU29: 7월3주 | HV29: 대비 | HW29: 대비 | IA29: 7월 4주 | IB29: 7월3주 | IC29: 7월 4주 | ID29: 대비 | IE29: 대비 | II29: 8월 1주 | IJ29: 7월 4주 | IK29: 8월 1주 | IL29: 대비 | IM29: 대비 | IQ29: 8월 2주 | IR29: 8월 1주 | IS29: 8월 2주 | IT29: 대비 | IU29: 대비 | IY29: 8월 3주 | IZ29: 8월 2주 | JA29: 8월 3주 | JB29: 대비 | JC29: 대비 | JG29: 8월 4주 | JH29: 8월 3주 | JI29: 8월 4주 | JJ29: 대비 | JK29: 대비 | JO29: 9월 1주 | JP29: 8월 4주 | JQ29: 9월 1주 | JR29: 대비 | JS29: 대비 | JW29: 9월 2주 | JX29: 9월 1주 | JY29: 9월 2주 | JZ29: 대비 | KA29: 대비 | KE29: 9월 3주 | KF29: 9월 2주 | KG29: 9월 3주 | KH29: 대비 | KI29: 대비 | KM29: 9월 4주 | KN29: 9월 3주 | KO29: 9월 4주 | KP29: 대비 | KQ29: 대비 | KU29: 9월 5주 | KV29: 9월 4주 | KW29: 9월 5주 | KX29: 대비 | KY29: 대비 | LC29: 10월1주 | LD29: 9월 5주 | LE29: 10월1주 | LF29: 대비 | LG29: 대비 | LK29: 10월2주 | LL29: 10월1주 | LM29: 10월2주 | LN29: 대비 | LO29: 대비 | LS29: 10월3주 | LT29: 10월2주 | LU29: 10월3주 | LV29: 대비 | LW29: 대비 | MA29: 10월4주 | MB29: 10월3주 | MC29: 10월4주 | MD29: 대비 | ME29: 대비 | MI29: 11월1주 | MJ29: 10월4주 | MK29: 11월1주 | ML29: 대비 | MM29: 대비 | MQ29: 11월2주 | MR29: 11월1주 | MS29: 11월2주 | MT29: 대비 | MU29: 대비 | MY29: 11월3주 | MZ29: 11월2주 | NA29: 11월3주 | NB29: 대비 | NC29: 대비 | NG29: 11월4주 | NH29: 11월3주 | NI29: 11월4주 | NJ29: 대비 | NK29: 대비 | NO29: 12월1주 | NP29: 11월4주 | NQ29: 12월1주 | NR29: 대비 | NS29: 대비 | NW29: 12월2주 | NX29: 12월1주 | NY29: 12월2주 | NZ29: 대비 | OA29: 대비 | OE29: 12월3주 | OF29: 12월2주 | OG29: 12월3주 | OH29: 대비 | OI29: 대비 | OM29: 12월4주 | ON29: 12월3주 | OO29: 12월4주 | OP29: 대비 | OQ29: 대비
FE30: 수급 | FF30: 도축(천두) | FJ30: =(FI30-FH30)/FH30 -> #DIV/0! | FK30: =(FI30-FG30)/FG30 -> #DIV/0! | FM30: 수급 | FN30: 도축(천두) | FO30: 930 | FP30: 780 | FQ30: 911 | FR30: =(FQ30-FP30)/FP30 -> 0.16794872 | FS30: =(FQ30-FO30)/FO30 -> -0.020430108 | FU30: 수급 | FV30: 도축(천두) | FW30: 819 | FX30: 911 | FY30: 800 | FZ30: =(FY30-FX30)/FX30 -> -0.12184413 | GA30: =(FY30-FW30)/FW30 -> -0.023199023 | GC30: 수급 | GD30: 도축(천두) | GE30: 948 | GF30: 800 | GG30: 875 | GH30: =(GG30-GF30)/GF30 -> 0.09375 | GI30: =(GG30-GE30)/GE30 -> -0.077004219 | GK30: 수급 | GL30: 도축(천두) | GM30: 808 | GN30: 875 | GO30: 848 | GP30: =(GO30-GN30)/GN30 -> -0.030857143 | GQ30: =(GO30-GM30)/GM30 -> 0.04950495 | GS30: 수급 | GT30: 도축(천두) | GU30: 879 | GV30: 848 | GW30: 785 | GX30: =(GW30-GV30)/GV30 -> -0.074292453 | GY30: =(GW30-GU30)/GU30 -> -0.1069397 | HA30: 수급 | HB30: 도축(천두) | HC30: 894 | HD30: 785 | HE30: 769 | HF30: =(HE30-HD30)/HD30 -> -0.020382166 | HG30: =(HE30-HC30)/HC30 -> -0.13982103 | HI30: 수급 | HJ30: 도축(천두) | HK30: 851 | HL30: 769 | HM30: 784 | HN30: =(HM30-HL30)/HL30 -> 0.019505852 | HO30: =(HM30-HK30)/HK30 -> -0.078730905 | HQ30: 수급 | HR30: 도축(천두) | HS30: 881 | HT30: 784 | HU30: 784 | HV30: =(HU30-HT30)/HT30 -> 0 | HW30: =(HU30-HS30)/HS30 -> -0.11010216 | HY30: 수급 | HZ30: 도축(천두) | IA30: 905 | IB30: 784 | IC30: 822 | ID30: =(IC30-IB30)/IB30 -> 0.048469388 | IE30: =(IC30-IA30)/IA30 -> -0.091712707 | IG30: 수급 | IH30: 도축(천두) | II30: 875 | IJ30: 822 | IK30: 854 | IL30: =(IK30-IJ30)/IJ30 -> 0.03892944 | IM30: =(IK30-II30)/II30 -> -0.024 | IO30: 수급 | IP30: 도축(천두) | IQ30: 855 | IR30: 854 | IS30: 858 | IT30: =(IS30-IR30)/IR30 -> 0.0046838407 | IU30: =(IS30-IQ30)/IQ30 -> 0.0035087719 | IW30: 수급 | IX30: 도축(천두) | IY30: 879 | IZ30: 858 | JA30: 853 | JB30: =(JA30-IZ30)/IZ30 -> -0.0058275058 | JC30: =(JA30-IY30)/IY30 -> -0.029579067 | JE30: 수급 | JF30: 도축(천두) | JG30: 921 | JH30: 853 | JI30: 848 | JJ30: =(JI30-JH30)/JH30 -> -0.0058616647 | JK30: =(JI30-JG30)/JG30 -> -0.079261672 | JM30: 수급 | JN30: 도축(천두) | JO30: 941 | JP30: 848 | JQ30: 870 | JR30: =(JQ30-JP30)/JP30 -> 0.025943396 | JS30: =(JQ30-JO30)/JO30 -> -0.075451647 | JU30: 수급 | JV30: 도축(천두) | JW30: 939 | JX30: 870 | JY30: 873 | JZ30: =(JY30-JX30)/JX30 -> 0.0034482759 | KA30: =(JY30-JW30)/JW30 -> -0.07028754 | KC30: 수급 | KD30: 도축(천두) | KE30: 938 | KF30: 873 | KG30: 860 | KH30: =(KG30-KF30)/KF30 -> -0.01489118 | KI30: =(KG30-KE30)/KE30 -> -0.08315565 | KK30: 수급 | KL30: 도축(천두) | KM30: 948 | KN30: 860 | KP30: =(KO30-KN30)/KN30 -> -1 | KQ30: =(KO30-KM30)/KM30 -> -1 | KS30: 수급 | KT30: 도축(천두) | KU30: 987 | KV30: 876 | KW30: 867 | KX30: =(KW30-KV30)/KV30 -> -0.010273973 | KY30: =(KW30-KU30)/KU30 -> -0.12158055 | LA30: 수급 | LB30: 도축(천두) | LC30: 864 | LD30: 867 | LE30: 790 | LF30: =(LE30-LD30)/LD30 -> -0.088811995 | LG30: =(LE30-LC30)/LC30 -> -0.085648148 | LI30: 수급 | LJ30: 도축(천두) | LK30: 988 | LL30: 790 | LM30: 812 | LN30: =(LM30-LL30)/LL30 -> 0.027848101 | LO30: =(LM30-LK30)/LK30 -> -0.17813765 | LQ30: 수급 | LR30: 도축(천두) | LS30: 977 | LT30: 812 | LU30: 823 | LV30: =(LU30-LT30)/LT30 -> 0.013546798 | LW30: =(LU30-LS30)/LS30 -> -0.15762538 | LY30: 수급 | LZ30: 도축(천두) | MA30: 980 | MB30: 823 | MC30: 828 | MD30: =(MC30-MB30)/MB30 -> 0.0060753341 | ME30: =(MC30-MA30)/MA30 -> -0.15510204 | MG30: 수급 | MH30: 도축(천두) | MI30: 842 | MJ30: 828 | MK30: 805 | ML30: =(MK30-MJ30)/MJ30 -> -0.027777778 | MM30: =(MK30-MI30)/MI30 -> -0.043942993 | MO30: 수급 | MP30: 도축(천두) | MQ30: 989 | MR30: 805 | MS30: 823 | MT30: =(MS30-MR30)/MR30 -> 0.022360248 | MU30: =(MS30-MQ30)/MQ30 -> -0.16784631 | MW30: 수급 | MX30: 도축(천두) | MY30: 963 | MZ30: 823 | NA30: 831 | NB30: =(NA30-MZ30)/MZ30 -> 0.0097205346 | NC30: =(NA30-MY30)/MY30 -> -0.13707165 | NE30: 수급 | NF30: 도축(천두) | NG30: 957 | NH30: 831 | NI30: 808 | NJ30: =(NI30-NH30)/NH30 -> -0.027677497 | NK30: =(NI30-NG30)/NG30 -> -0.15569488 | NM30: 수급 | NN30: 도축(천두) | NO30: 943 | NP30: 808 | NQ30: 825 | NR30: =(NQ30-NP30)/NP30 -> 0.021039604 | NS30: =(NQ30-NO30)/NO30 -> -0.12513256 | NU30: 수급 | NV30: 도축(천두) | NW30: 956 | NX30: 825 | NY30: 820 | NZ30: =(NY30-NX30)/NX30 -> -0.0060606061 | OA30: =(NY30-NW30)/NW30 -> -0.14225941 | OC30: 수급 | OD30: 도축(천두) | OE30: 1009 | OF30: 820 | OG30: 843 | OH30: =(OG30-OF30)/OF30 -> 0.02804878 | OI30: =(OG30-OE30)/OE30 -> -0.16451933 | OK30: 수급 | OL30: 도축(천두) | OM30: 931 | ON30: 843 | OO30: 502 | OP30: =(OO30-ON30)/ON30 -> -0.40450771 | OQ30: =(OO30-OM30)/OM30 -> -0.46079484
FF31: 수출(천톤) | FJ31: =(FI31-FH31)/FH31 -> #DIV/0! | FK31: =(FI31-FG31)/FG31 -> #DIV/0! | FN31: 수출(천톤) | FR31: =(FQ31-FP31)/FP31 -> #DIV/0! | FS31: =(FQ31-FO31)/FO31 -> #DIV/0! | FV31: 수출(천톤) | FZ31: =(FY31-FX31)/FX31 -> #DIV/0! | GA31: =(FY31-FW31)/FW31 -> #DIV/0! | GD31: 수출(천톤) | GH31: =(GG31-GF31)/GF31 -> #DIV/0! | GI31: =(GG31-GE31)/GE31 -> #DIV/0! | GL31: 수출(천톤) | GP31: =(GO31-GN31)/GN31 -> #DIV/0! | GQ31: =(GO31-GM31)/GM31 -> #DIV/0! | GT31: 수출(천톤) | GX31: =(GW31-GV31)/GV31 -> #DIV/0! | GY31: =(GW31-GU31)/GU31 -> #DIV/0! | HB31: 수출(천톤) | HF31: =(HE31-HD31)/HD31 -> #DIV/0! | HG31: =(HE31-HC31)/HC31 -> #DIV/0! | HJ31: 수출(천톤) | HN31: =(HM31-HL31)/HL31 -> #DIV/0! | HO31: =(HM31-HK31)/HK31 -> #DIV/0! | HR31: 수출(천톤) | HV31: =(HU31-HT31)/HT31 -> #DIV/0! | HW31: =(HU31-HS31)/HS31 -> #DIV/0! | HZ31: 수출(천톤) | ID31: =(IC31-IB31)/IB31 -> #DIV/0! | IE31: =(IC31-IA31)/IA31 -> #DIV/0! | IH31: 수출(천톤) | IL31: =(IK31-IJ31)/IJ31 -> #DIV/0! | IM31: =(IK31-II31)/II31 -> #DIV/0! | IP31: 수출(천톤) | IT31: =(IS31-IR31)/IR31 -> #DIV/0! | IU31: =(IS31-IQ31)/IQ31 -> #DIV/0! | IX31: 수출(천톤) | JB31: =(JA31-IZ31)/IZ31 -> #DIV/0! | JC31: =(JA31-IY31)/IY31 -> #DIV/0! | JF31: 수출(천톤) | JJ31: =(JI31-JH31)/JH31 -> #DIV/0! | JK31: =(JI31-JG31)/JG31 -> #DIV/0! | JN31: 수출(천톤) | JR31: =(JQ31-JP31)/JP31 -> #DIV/0! | JS31: =(JQ31-JO31)/JO31 -> #DIV/0! | JV31: 수출(천톤) | JZ31: =(JY31-JX31)/JX31 -> #DIV/0! | KA31: =(JY31-JW31)/JW31 -> #DIV/0! | KD31: 수출(천톤) | KH31: =(KG31-KF31)/KF31 -> #DIV/0! | KI31: =(KG31-KE31)/KE31 -> #DIV/0! | KL31: 수출(천톤) | KP31: =(KO31-KN31)/KN31 -> #DIV/0! | KQ31: =(KO31-KM31)/KM31 -> #DIV/0! | KT31: 수출(천톤) | KX31: =(KW31-KV31)/KV31 -> #DIV/0! | KY31: =(KW31-KU31)/KU31 -> #DIV/0! | LB31: 수출(천톤) | LF31: =(LE31-LD31)/LD31 -> #DIV/0! | LG31: =(LE31-LC31)/LC31 -> #DIV/0! | LJ31: 수출(천톤) | LN31: =(LM31-LL31)/LL31 -> #DIV/0! | LO31: =(LM31-LK31)/LK31 -> #DIV/0! | LR31: 수출(천톤) | LV31: =(LU31-LT31)/LT31 -> #DIV/0! | LW31: =(LU31-LS31)/LS31 -> #DIV/0! | LZ31: 수출(천톤) | MD31: =(MC31-MB31)/MB31 -> #DIV/0! | ME31: =(MC31-MA31)/MA31 -> #DIV/0! | MH31: 수출(천톤) | ML31: =(MK31-MJ31)/MJ31 -> #DIV/0! | MM31: =(MK31-MI31)/MI31 -> #DIV/0! | MP31: 수출(천톤) | MT31: =(MS31-MR31)/MR31 -> #DIV/0! | MU31: =(MS31-MQ31)/MQ31 -> #DIV/0! | MX31: 수출(천톤) | NB31: =(NA31-MZ31)/MZ31 -> #DIV/0! | NC31: =(NA31-MY31)/MY31 -> #DIV/0! | NF31: 수출(천톤) | NJ31: =(NI31-NH31)/NH31 -> #DIV/0! | NK31: =(NI31-NG31)/NG31 -> #DIV/0! | NN31: 수출(천톤) | NR31: =(NQ31-NP31)/NP31 -> #DIV/0! | NS31: =(NQ31-NO31)/NO31 -> #DIV/0! | NV31: 수출(천톤) | NZ31: =(NY31-NX31)/NX31 -> #DIV/0! | OA31: =(NY31-NW31)/NW31 -> #DIV/0! | OD31: 수출(천톤) | OH31: =(OG31-OF31)/OF31 -> #DIV/0! | OI31: =(OG31-OE31)/OE31 -> #DIV/0! | OL31: 수출(천톤) | OP31: =(OO31-ON31)/ON31 -> #DIV/0! | OQ31: =(OO31-OM31)/OM31 -> #DIV/0!
FE32: 가격 | FF32: 생돈($/lb) | FJ32: =(FI32-FH32)/FH32 -> #DIV/0! | FK32: =(FI32-FG32)/FG32 -> #DIV/0! | FM32: 가격 | FN32: 지육(€/kg) | FR32: =(FQ32-FP32)/FP32 -> #DIV/0! | FS32: =(FQ32-FO32)/FO32 -> #DIV/0! | FU32: 가격 | FV32: 지육(€/kg) | FZ32: =(FY32-FX32)/FX32 -> #DIV/0! | GA32: =(FY32-FW32)/FW32 -> #DIV/0! | GC32: 가격 | GD32: 지육(€/kg) | GE32: 1.86 | GF32: 1.7207 | GG32: 1.7217 | GH32: =(GG32-GF32)/GF32 -> 0.00058115883 | GI32: =(GG32-GE32)/GE32 -> -0.074354839 | GK32: 가격 | GL32: 지육(€/kg) | GM32: 1.88 | GN32: 1.7217 | GO32: 1.72 | GP32: =(GO32-GN32)/GN32 -> -0.00098739618 | GQ32: =(GO32-GM32)/GM32 -> -0.085106383 | GS32: 가격 | GT32: 지육(€/kg) | GU32: 1.88 | GV32: 1.72 | GW32: 1.72 | GX32: =(GW32-GV32)/GV32 -> 0 | GY32: =(GW32-GU32)/GU32 -> -0.085106383 | HA32: 가격 | HB32: 지육(€/kg) | HC32: 1.88 | HD32: 1.72 | HE32: 1.68 | HF32: =(HE32-HD32)/HD32 -> -0.023255814 | HG32: =(HE32-HC32)/HC32 -> -0.10638298 | HI32: 가격 | HJ32: 지육(€/kg) | HK32: 1.88 | HL32: 1.68 | HM32: 1.59 | HN32: =(HM32-HL32)/HL32 -> -0.053571429 | HO32: =(HM32-HK32)/HK32 -> -0.15425532 | HQ32: 가격 | HR32: 지육(€/kg) | HS32: 1.85 | HT32: 1.59 | HU32: 1.52 | HV32: =(HU32-HT32)/HT32 -> -0.044025157 | HW32: =(HU32-HS32)/HS32 -> -0.17837838 | HY32: 가격 | HZ32: 지육(€/kg) | IA32: 1.81 | IB32: 1.52 | IC32: 1.52 | ID32: =(IC32-IB32)/IB32 -> 0 | IE32: =(IC32-IA32)/IA32 -> -0.16022099 | IG32: 가격 | IH32: 지육(€/kg) | II32: 1.81 | IJ32: 1.52 | IK32: 1.52 | IL32: =(IK32-IJ32)/IJ32 -> 0 | IM32: =(IK32-II32)/II32 -> -0.16022099 | IO32: 가격 | IP32: 지육(€/kg) | IQ32: 1.87 | IR32: 1.52 | IS32: 1.52 | IT32: =(IS32-IR32)/IR32 -> 0 | IU32: =(IS32-IQ32)/IQ32 -> -0.18716578 | IW32: 가격 | IX32: 지육(€/kg) | IY32: 1.91 | IZ32: 1.52 | JA32: 1.52 | JB32: =(JA32-IZ32)/IZ32 -> 0 | JC32: =(JA32-IY32)/IY32 -> -0.20418848 | JE32: 가격 | JF32: 지육(€/kg) | JG32: 1.91 | JH32: 1.52 | JI32: 1.52 | JJ32: =(JI32-JH32)/JH32 -> 0 | JK32: =(JI32-JG32)/JG32 -> -0.20418848 | JM32: 가격 | JN32: 지육(€/kg) | JO32: 1.9 | JP32: 1.52 | JQ32: 1.52 | JR32: =(JQ32-JP32)/JP32 -> 0 | JS32: =(JQ32-JO32)/JO32 -> -0.2 | JU32: 가격 | JV32: 지육(€/kg) | JW32: 1.9 | JX32: 1.52 | JY32: 1.52 | JZ32: =(JY32-JX32)/JX32 -> 0 | KA32: =(JY32-JW32)/JW32 -> -0.2 | KC32: 가격 | KD32: 지육(€/kg) | KE32: 1.9 | KF32: 1.52 | KG32: 1.48 | KH32: =(KG32-KF32)/KF32 -> -0.026315789 | KI32: =(KG32-KE32)/KE32 -> -0.22105263 | KK32: 가격 | KL32: 지육(€/kg) | KM32: 1.9 | KN32: 1.48 | KO32: 1.33 | KP32: =(KO32-KN32)/KN32 -> -0.10135135 | KQ32: =(KO32-KM32)/KM32 -> -0.3 | KS32: 가격 | KT32: 지육(€/kg) | KU32: 1.9 | KV32: 1.33 | KW32: 1.33 | KX32: =(KW32-KV32)/KV32 -> 0 | KY32: =(KW32-KU32)/KU32 -> -0.3 | LA32: 가격 | LB32: 지육(€/kg) | LC32: 1.9 | LD32: 1.33 | LE32: 1.32 | LF32: =(LE32-LD32)/LD32 -> -0.007518797 | LG32: =(LE32-LC32)/LC32 -> -0.30526316 | LI32: 가격 | LJ32: 지육(€/kg) | LK32: 1.9 | LL32: 1.32 | LM32: 1.32 | LN32: =(LM32-LL32)/LL32 -> 0 | LO32: =(LM32-LK32)/LK32 -> -0.30526316 | LQ32: 가격 | LR32: 지육(€/kg) | LS32: 1.9 | LT32: 1.32 | LU32: 1.32 | LV32: =(LU32-LT32)/LT32 -> 0 | LW32: =(LU32-LS32)/LS32 -> -0.30526316 | LY32: 가격 | LZ32: 지육(€/kg) | MA32: 1.9 | MB32: 1.32 | MC32: 1.31 | MD32: =(MC32-MB32)/MB32 -> -0.0075757576 | ME32: =(MC32-MA32)/MA32 -> -0.31052632 | MG32: 가격 | MH32: 지육(€/kg) | MI32: 1.9 | MJ32: 1.31 | MK32: 1.32 | ML32: =(MK32-MJ32)/MJ32 -> 0.0076335878 | MM32: =(MK32-MI32)/MI32 -> -0.30526316 | MO32: 가격 | MP32: 지육(€/kg) | MQ32: 1.9 | MR32: 1.32 | MS32: 1.32 | MT32: =(MS32-MR32)/MR32 -> 0 | MU32: =(MS32-MQ32)/MQ32 -> -0.30526316 | MW32: 가격 | MX32: 지육(€/kg) | MY32: 1.92 | MZ32: 1.32 | NA32: 1.31 | NB32: =(NA32-MZ32)/MZ32 -> -0.0075757576 | NC32: =(NA32-MY32)/MY32 -> -0.31770833 | NE32: 가격 | NF32: 지육(€/kg) | NG32: 1.97 | NH32: 1.31 | NI32: 1.27 | NJ32: =(NI32-NH32)/NH32 -> -0.030534351 | NK32: =(NI32-NG32)/NG32 -> -0.35532995 | NM32: 가격 | NN32: 지육(€/kg) | NO32: 1.97 | NP32: 1.27 | NQ32: 1.23 | NR32: =(NQ32-NP32)/NP32 -> -0.031496063 | NS32: =(NQ32-NO32)/NO32 -> -0.37563452 | NU32: 가격 | NV32: 지육(€/kg) | NW32: 2.07 | NX32: 1.23 | NY32: 1.23 | NZ32: =(NY32-NX32)/NX32 -> 0 | OA32: =(NY32-NW32)/NW32 -> -0.4057971 | OC32: 가격 | OD32: 지육(€/kg) | OE32: 2.08 | OF32: 1.23 | OG32: 1.23 | OH32: =(OG32-OF32)/OF32 -> 0 | OI32: =(OG32-OE32)/OE32 -> -0.40865385 | OK32: 가격 | OL32: 지육(€/kg) | OM32: 2.05 | ON32: 1.23 | OO32: 1.24 | OP32: =(OO32-ON32)/ON32 -> 0.0081300813 | OQ32: =(OO32-OM32)/OM32 -> -0.39512195
FF33: 지육($/lb) | FJ33: =(FI33-FH33)/FH33 -> #DIV/0! | FK33: =(FI33-FG33)/FG33 -> #DIV/0! | FN33: 지육(원/kg) | FO33: 2457.2031 | FP33: 2283.9829 | FQ33: 2359.0855 | FR33: =(FQ33-FP33)/FP33 -> 0.032882287 | FS33: =(FQ33-FO33)/FO33 -> -0.039930617 | FV33: 지육(원/kg) | FW33: 2456 | FX33: 2359.0855 | FY33: 2357 | FZ33: =(FY33-FX33)/FX33 -> -0.00088401587 | GA33: =(FY33-FW33)/FW33 -> -0.040309446 | GD33: 지육(원/kg) | GE33: 2492 | GF33: 2357 | GG33: 2341 | GH33: =(GG33-GF33)/GF33 -> -0.0067882902 | GI33: =(GG33-GE33)/GE33 -> -0.0605939 | GL33: 지육(원/kg) | GM33: 2508 | GN33: 2341 | GO33: 2327 | GP33: =(GO33-GN33)/GN33 -> -0.0059803503 | GQ33: =(GO33-GM33)/GM33 -> -0.072169059 | GT33: 지육(원/kg) | GU33: 2474 | GV33: 2327 | GW33: 2318 | GX33: =(GW33-GV33)/GV33 -> -0.0038676407 | GY33: =(GW33-GU33)/GU33 -> -0.06305578 | HB33: 지육(원/kg) | HC33: 2471 | HD33: 2318 | HE33: 2264 | HF33: =(HE33-HD33)/HD33 -> -0.023295945 | HG33: =(HE33-HC33)/HC33 -> -0.083771752 | HJ33: 지육(원/kg) | HK33: 2477 | HL33: 2264 | HM33: 2164 | HN33: =(HM33-HL33)/HL33 -> -0.044169611 | HO33: =(HM33-HK33)/HK33 -> -0.12636254 | HR33: 지육(원/kg) | HS33: 2454 | HT33: 2161 | HU33: 2092 | HV33: =(HU33-HT33)/HT33 -> -0.031929662 | HW33: =(HU33-HS33)/HS33 -> -0.14751426 | HZ33: 지육(원/kg) | IA33: 2386 | IB33: 2092 | IC33: 2117 | ID33: =(IC33-IB33)/IB33 -> 0.011950287 | IE33: =(IC33-IA33)/IA33 -> -0.11274099 | IH33: 지육(원/kg) | II33: 2416 | IJ33: 2117 | IK33: 2145 | IL33: =(IK33-IJ33)/IJ33 -> 0.013226264 | IM33: =(IK33-II33)/II33 -> -0.11216887 | IP33: 지육(원/kg) | IQ33: 2538 | IR33: 2145 | IS33: 2131 | IT33: =(IS33-IR33)/IR33 -> -0.0065268065 | IU33: =(IS33-IQ33)/IQ33 -> -0.16036249 | IX33: 지육(원/kg) | IY33: 2567 | IZ33: 2131 | JA33: 2138 | JB33: =(JA33-IZ33)/IZ33 -> 0.0032848428 | JC33: =(JA33-IY33)/IY33 -> -0.16712115 | JF33: 지육(원/kg) | JG33: 2559 | JH33: 2138 | JI33: 2136 | JJ33: =(JI33-JH33)/JH33 -> -0.0009354537 | JK33: =(JI33-JG33)/JG33 -> -0.16529894 | JN33: 지육(원/kg) | JO33: 2541 | JP33: 2136 | JQ33: 2144 | JR33: =(JQ33-JP33)/JP33 -> 0.0037453184 | JS33: =(JQ33-JO33)/JO33 -> -0.1562377 | JV33: 지육(원/kg) | JW33: 2508 | JX33: 2144 | JY33: 2148 | JZ33: =(JY33-JX33)/JX33 -> 0.0018656716 | KA33: =(JY33-JW33)/JW33 -> -0.14354067 | KD33: 지육(원/kg) | KE33: 2500 | KF33: 2148 | KG33: 2082 | KH33: =(KG33-KF33)/KF33 -> -0.030726257 | KI33: =(KG33-KE33)/KE33 -> -0.1672 | KL33: 지육(원/kg) | KM33: 2500 | KN33: 2082 | KO33: 1831 | KP33: =(KO33-KN33)/KN33 -> -0.12055716 | KQ33: =(KO33-KM33)/KM33 -> -0.2676 | KT33: 지육(원/kg) | KU33: 2498 | KV33: 1831 | KW33: 1813 | KX33: =(KW33-KV33)/KV33 -> -0.0098306936 | KY33: =(KW33-KU33)/KU33 -> -0.27421938 | LB33: 지육(원/kg) | LC33: 2503 | LD33: 1813 | LE33: 1810 | LF33: =(LE33-LD33)/LD33 -> -0.0016547159 | LG33: =(LE33-LC33)/LC33 -> -0.27686776 | LJ33: 지육(원/kg) | LK33: 2492 | LL33: 1810 | LM33: 1785 | LN33: =(LM33-LL33)/LL33 -> -0.013812155 | LO33: =(LM33-LK33)/LK33 -> -0.28370787 | LR33: 지육(원/kg) | LS33: 2503 | LT33: 1785 | LU33: 1771 | LV33: =(LU33-LT33)/LT33 -> -0.0078431373 | LW33: =(LU33-LS33)/LS33 -> -0.29244906 | LZ33: 지육(원/kg) | MA33: 2484 | MB33: 1771 | MC33: 1757 | MD33: =(MC33-MB33)/MB33 -> -0.0079051383 | ME33: =(MC33-MA33)/MA33 -> -0.29267311 | MH33: 지육(원/kg) | MI33: 2476 | MJ33: 1757 | MK33: 1742 | ML33: =(MK33-MJ33)/MJ33 -> -0.0085372795 | MM33: =(MK33-MI33)/MI33 -> -0.29644588 | MP33: 지육(원/kg) | MQ33: 2429 | MR33: 1742 | MS33: 1751 | MT33: =(MS33-MR33)/MR33 -> 0.0051664753 | MU33: =(MS33-MQ33)/MQ33 -> -0.27912721 | MX33: 지육(원/kg) | MY33: 2472 | MZ33: 1751 | NA33: 1727 | NB33: =(NA33-MZ33)/MZ33 -> -0.013706453 | NC33: =(NA33-MY33)/MY33 -> -0.3013754 | NF33: 지육(원/kg) | NG33: 2569 | NH33: 1727 | NI33: 1683 | NJ33: =(NI33-NH33)/NH33 -> -0.025477707 | NK33: =(NI33-NG33)/NG33 -> -0.34488128 | NN33: 지육(원/kg) | NO33: 2632 | NP33: 1683 | NQ33: 1626 | NR33: =(NQ33-NP33)/NP33 -> -0.033868093 | NS33: =(NQ33-NO33)/NO33 -> -0.38221884 | NV33: 지육(원/kg) | NW33: 2728 | NX33: 1626 | NY33: 1628 | NZ33: =(NY33-NX33)/NX33 -> 0.0012300123 | OA33: =(NY33-NW33)/NW33 -> -0.40322581 | OD33: 지육(원/kg) | OE33: 2727 | OF33: 1628 | OG33: 1631 | OH33: =(OG33-OF33)/OF33 -> 0.0018427518 | OI33: =(OG33-OE33)/OE33 -> -0.40190686 | OL33: 지육(원/kg) | OM33: 2638 | ON33: 1631 | OO33: 1666 | OP33: =(OO33-ON33)/ON33 -> 0.021459227 | OQ33: =(OO33-OM33)/OM33 -> -0.36846096
KW34: 7,60
A37: 보고일자 : 2021-1-6 | I37: 보고일자 : 2021-1-13 | Q37: 보고일자 : 2021-1-20 | Y37: 보고일자 : 2021-1-27 | AG37: 보고일자 : 2021-2-3 | AO37: 보고일자 : 2021-2-10 | AW37: 보고일자 : 2021-2-17 | BE37: 보고일자 : 2021-2-24 | BM37: 보고일자 : 2021-3-3 | BU37: 보고일자 : 2021-3-10 | CC37: 보고일자 : 2021-3-17 | CK37: 보고일자 : 2021-3-24 | CS37: 보고일자 : 2021-3-31 | DA37: 보고일자 : 2021-4-7 | DI37: 보고일자 : 2021-4-14 | DQ37: 보고일자 : 2021-4-21 | DY37: 보고일자 : 2021-4-28 | EG37: 보고일자 : 2021-5-6 | EO37: 보고일자 : 2021-5-13 | EW37: 보고일자 : 2021-5-20 | FE37: 보고일자 : 2021-5-27 | FM37: 보고일자 : 2021-6-3 | FU37: 보고일자 : 2021-6-10 | GC37: 보고일자 : 2021-6-17 | GK37: 보고일자 : 2021-6-24 | GS37: 보고일자 : 2021-7-1 | HA37: 보고일자 : 2021-7-8 | HI37: 보고일자 : 2021-7-15 | HQ37: 보고일자 : 2021-7-22 | HY37: 보고일자 : 2021-7-29 | IG37: 보고일자 : 2021-8-5 | IO37: 보고일자 : 2021-8-12 | IW37: 보고일자 : 2021-8-19 | JE37: 보고일자 : 2021-8-26 | JM37: 보고일자 : 2021-9-2 | JU37: 보고일자 : 2021-9-9 | KC37: 보고일자 : 2021-9-16 | KK37: 보고일자 : 2021-9-23 | KS37: 보고일자 : 2021-9-30 | LA37: 보고일자 : 2021-10-07 | LI37: 보고일자 : 2021-10-14 | LQ37: 보고일자 : 2021-10-21 | LY37: 보고일자 : 2021-10-28 | MG37: 보고일자 : 2021-11-04 | MO37: 보고일자 : 2021-11-11 | MW37: 보고일자 : 2021-11-18 | NE37: 보고일자 : 2021-11-25 | NM37: 보고일자 : 2021-12-02 | NU37: 보고일자 : 2021-12-09 | OC37: 보고일자 : 2021-12-16 | OK37: 보고일자 : 2021-12-23 | OS37: 보고일자 : 2021-12-30
A39: 쇠고기/미국 | I39: 쇠고기/미국 | Q39: 쇠고기/미국 | Y39: 쇠고기/미국 | AG39: 쇠고기/미국 | AO39: 쇠고기/미국 | AW39: 쇠고기/미국 | BE39: 쇠고기/미국 | BM39: 쇠고기/미국 | BU39: 쇠고기/미국 | CC39: 쇠고기/미국 | CK39: 쇠고기/미국 | CS39: 쇠고기/미국 | DA39: 쇠고기/미국 | DI39: 쇠고기/미국 | DQ39: 쇠고기/미국 | DY39: 쇠고기/미국 | EG39: 쇠고기/미국 | EO39: 쇠고기/미국 | EW39: 쇠고기/미국 | FE39: 쇠고기/미국 | FM39: 쇠고기/미국 | FU39: 쇠고기/미국 | GC39: 쇠고기/미국 | GK39: 쇠고기/미국 | GS39: 쇠고기/미국 | HA39: 쇠고기/미국 | HI39: 쇠고기/미국 | HQ39: 쇠고기/미국 | HY39: 쇠고기/미국 | IG39: 쇠고기/미국 | IO39: 쇠고기/미국 | IW39: 쇠고기/미국 | JE39: 쇠고기/미국 | JM39: 쇠고기/미국 | JU39: 쇠고기/미국 | KC39: 쇠고기/미국 | KK39: 쇠고기/미국 | KS39: 쇠고기/미국 | LA39: 쇠고기/미국 | LI39: 쇠고기/미국 | LQ39: 쇠고기/미국 | LY39: 쇠고기/미국 | MG39: 쇠고기/미국 | MO39: 쇠고기/미국 | MW39: 쇠고기/미국 | NE39: 쇠고기/미국 | NM39: 쇠고기/미국 | NU39: 쇠고기/미국 | OC39: 쇠고기/미국 | OK39: 쇠고기/미국 | OS39: 쇠고기/미국
A40: 구분 | C40: 2020년 | D40: 2021년 | F40: 전주 | G40: 전년 | I40: 구분 | K40: 2020년 | L40: 2021년 | N40: 전주 | O40: 전년 | Q40: 구분 | S40: 2020년 | T40: 2021년 | V40: 전주 | W40: 전년 | Y40: 구분 | AA40: 2020년 | AB40: 2021년 | AD40: 전주 | AE40: 전년 | AG40: 구분 | AI40: 2020년 | AJ40: 2021년 | AL40: 전주 | AM40: 전년 | AO40: 구분 | AQ40: 2020년 | AR40: 2021년 | AT40: 전주 | AU40: 전년 | AW40: 구분 | AY40: 2020년 | AZ40: 2021년 | BB40: 전주 | BC40: 전년 | BE40: 구분 | BG40: 2020년 | BH40: 2021년 | BJ40: 전주 | BK40: 전년 | BM40: 구분 | BO40: 2020년 | BP40: 2021년 | BR40: 전주 | BS40: 전년 | BU40: 구분 | BW40: 2020년 | BX40: 2021년 | BZ40: 전주 | CA40: 전년 | CC40: 구분 | CE40: 2020년 | CF40: 2021년 | CH40: 전주 | CI40: 전년 | CK40: 구분 | CM40: 2020년 | CN40: 2021년 | CP40: 전주 | CQ40: 전년 | CS40: 구분 | CU40: 2020년 | CV40: 2021년 | CX40: 전주 | CY40: 전년 | DA40: 구분 | DC40: 2020년 | DD40: 2021년 | DF40: 전주 | DG40: 전년 | DI40: 구분 | DK40: 2020년 | DL40: 2021년 | DN40: 전주 | DO40: 전년 | DQ40: 구분 | DS40: 2020년 | DT40: 2021년 | DV40: 전주 | DW40: 전년 | DY40: 구분 | EA40: 2020년 | EB40: 2021년 | ED40: 전주 | EE40: 전년 | EG40: 구분 | EI40: 2020년 | EJ40: 2021년 | EL40: 전주 | EM40: 전년 | EO40: 구분 | EQ40: 2020년 | ER40: 2021년 | ET40: 전주 | EU40: 전년 | EW40: 구분 | EY40: 2020년 | EZ40: 2021년 | FB40: 전주 | FC40: 전년 | FE40: 구분 | FG40: 2020년 | FH40: 2021년 | FJ40: 전주 | FK40: 전년 | FM40: 구분 | FO40: 2020년 | FP40: 2021년 | FR40: 전주 | FS40: 전년 | FU40: 구분 | FW40: 2020년 | FX40: 2021년 | FZ40: 전주 | GA40: 전년 | GC40: 구분 | GE40: 2020년 | GF40: 2021년 | GH40: 전주 | GI40: 전년 | GK40: 구분 | GM40: 2020년 | GN40: 2021년 | GP40: 전주 | GQ40: 전년 | GS40: 구분 | GU40: 2020년 | GV40: 2021년 | GX40: 전주 | GY40: 전년 | HA40: 구분 | HC40: 2020년 | HD40: 2021년 | HF40: 전주 | HG40: 전년 | HI40: 구분 | HK40: 2020년 | HL40: 2021년 | HN40: 전주 | HO40: 전년 | HQ40: 구분 | HS40: 2020년 | HT40: 2021년 | HV40: 전주 | HW40: 전년 | HY40: 구분 | IA40: 2020년 | IB40: 2021년 | ID40: 전주 | IE40: 전년 | IG40: 구분 | II40: 2020년 | IJ40: 2021년 | IL40: 전주 | IM40: 전년 | IO40: 구분 | IQ40: 2020년 | IR40: 2021년 | IT40: 전주 | IU40: 전년 | IW40: 구분 | IY40: 2020년 | IZ40: 2021년 | JB40: 전주 | JC40: 전년 | JE40: 구분 | JG40: 2020년 | JH40: 2021년 | JJ40: 전주 | JK40: 전년 | JM40: 구분 | JO40: 2020년 | JP40: 2021년 | JR40: 전주 | JS40: 전년 | JU40: 구분 | JW40: 2020년 | JX40: 2021년 | JZ40: 전주 | KA40: 전년 | KC40: 구분 | KE40: 2020년 | KF40: 2021년 | KH40: 전주 | KI40: 전년 | KK40: 구분 | KM40: 2020년 | KN40: 2021년 | KP40: 전주 | KQ40: 전년 | KS40: 구분 | KU40: 2020년 | KV40: 2021년 | KX40: 전주 | KY40: 전년 | LA40: 구분 | LC40: 2020년 | LD40: 2021년 | LF40: 전주 | LG40: 전년 | LI40: 구분 | LK40: 2020년 | LL40: 2021년 | LN40: 전주 | LO40: 전년 | LQ40: 구분 | LS40: 2020년 | LT40: 2021년 | LV40: 전주 | LW40: 전년 | LY40: 구분 | MA40: 2020년 | MB40: 2021년 | MD40: 전주 | ME40: 전년 | MG40: 구분 | MI40: 2020년 | MJ40: 2021년 | ML40: 전주 | MM40: 전년 | MO40: 구분 | MQ40: 2020년 | MR40: 2021년 | MT40: 전주 | MU40: 전년 | MW40: 구분 | MY40: 2020년 | MZ40: 2021년 | NB40: 전주 | NC40: 전년 | NE40: 구분 | NG40: 2020년 | NH40: 2021년 | NJ40: 전주 | NK40: 전년 | NM40: 구분 | NO40: 2020년 | NP40: 2021년 | NR40: 전주 | NS40: 전년 | NU40: 구분 | NW40: 2020년 | NX40: 2021년 | NZ40: 전주 | OA40: 전년 | OC40: 구분 | OE40: 2020년 | OF40: 2021년 | OH40: 전주 | OI40: 전년 | OK40: 구분 | OM40: 2020년 | ON40: 2021년 | OP40: 전주 | OQ40: 전년 | OS40: 구분 | OU40: 2020년 | OV40: 2021년 | OX40: 전주 | OY40: 전년
C41: 1월1주 | D41: 12월4주 | E41: 1월1주 | F41: 대비 | G41: 대비 | K41: 1월2주 | L41: 1월1주 | M41: 1월2주 | N41: 대비 | O41: 대비 | S41: 1월3주 | T41: 1월2주 | U41: 1월3주 | V41: 대비 | W41: 대비 | AA41: 1월4주 | AB41: 1월3주 | AC41: 1월4주 | AD41: 대비 | AE41: 대비 | AI41: 2월1주 | AJ41: 1월4주 | AK41: 2월1주 | AL41: 대비 | AM41: 대비 | AQ41: 2월2주 | AR41: 2월1주 | AS41: 2월2주 | AT41: 대비 | AU41: 대비 | AY41: 2월3주 | AZ41: 2월2주 | BA41: 2월3주 | BB41: 대비 | BC41: 대비 | BG41: 2월4주 | BH41: 2월3주 | BI41: 2월4주 | BJ41: 대비 | BK41: 대비 | BO41: 3월1주 | BP41: 2월4주 | BQ41: 3월1주 | BR41: 대비 | BS41: 대비 | BW41: 3월2주 | BX41: 3월1주 | BY41: 3월2주 | BZ41: 대비 | CA41: 대비 | CE41: 3월3주 | CF41: 3월2주 | CG41: 3월3주 | CH41: 대비 | CI41: 대비 | CM41: 3월4주 | CN41: 3월3주 | CO41: 3월4주 | CP41: 대비 | CQ41: 대비 | CU41: 3월5주 | CV41: 3월4주 | CW41: 3월5주 | CX41: 대비 | CY41: 대비 | DC41: 4월1주 | DD41: 3월5주 | DE41: 4월1주 | DF41: 대비 | DG41: 대비 | DK41: 4월2주 | DL41: 4월1주 | DM41: 4월2주 | DN41: 대비 | DO41: 대비 | DS41: 4월3주 | DT41: 4월2주 | DU41: 4월3주 | DV41: 대비 | DW41: 대비 | EA41: 4월4주 | EB41: 4월3주 | EC41: 4월4주 | ED41: 대비 | EE41: 대비 | EI41: 5월1주 | EJ41: 4월4주 | EK41: 5월1주 | EL41: 대비 | EM41: 대비 | EQ41: 5월2주 | ER41: 5월1주 | ES41: 5월2주 | ET41: 대비 | EU41: 대비 | EY41: 5월3주 | EZ41: 5월2주 | FA41: 5월3주 | FB41: 대비 | FC41: 대비 | FG41: 5월4주 | FH41: 5월3주 | FI41: 5월4주 | FJ41: 대비 | FK41: 대비 | FO41: 6월1주 | FP41: 5월4주 | FQ41: 6월1주 | FR41: 대비 | FS41: 대비 | FW41: 6월2주 | FX41: 6월1주 | FY41: 6월2주 | FZ41: 대비 | GA41: 대비 | GE41: 6월3주 | GF41: 6월2주 | GG41: 6월3주 | GH41: 대비 | GI41: 대비 | GM41: 6월4주 | GN41: 6월3주 | GO41: 6월4주 | GP41: 대비 | GQ41: 대비 | GU41: 7월1주 | GV41: 6월4주 | GW41: 7월1주 | GX41: 대비 | GY41: 대비 | HC41: 7월2주 | HD41: 7월1주 | HE41: 7월2주 | HF41: 대비 | HG41: 대비 | HK41: 7월3주 | HL41: 7월2주 | HM41: 7월3주 | HN41: 대비 | HO41: 대비 | HS41: 7월4주 | HT41: 7월3주 | HU41: 7월4주 | HV41: 대비 | HW41: 대비 | IA41: 7월5주 | IB41: 7월4주 | IC41: 7월5주 | ID41: 대비 | IE41: 대비 | II41: 8월1주 | IJ41: 7월5주 | IK41: 8월1주 | IL41: 대비 | IM41: 대비 | IQ41: 8월2주 | IR41: 8월1주 | IS41: 8월2주 | IT41: 대비 | IU41: 대비 | IY41: 8월3주 | IZ41: 8월2주 | JA41: 8월3주 | JB41: 대비 | JC41: 대비 | JG41: 8월4주 | JH41: 8월3주 | JI41: 8월4주 | JJ41: 대비 | JK41: 대비 | JO41: 9월1주 | JP41: 8월4주 | JQ41: 9월1주 | JR41: 대비 | JS41: 대비 | JW41: 9월2주 | JX41: 9월1주 | JY41: 9월2주 | JZ41: 대비 | KA41: 대비 | KE41: 9월3주 | KF41: 9월2주 | KG41: 9월3주 | KH41: 대비 | KI41: 대비 | KM41: 9월4주 | KN41: 9월3주 | KO41: 9월4주 | KP41: 대비 | KQ41: 대비 | KU41: 9월5주 | KV41: 9월4주 | KW41: 9월5주 | KX41: 대비 | KY41: 대비 | LC41: 10월1주 | LD41: 9월5주 | LE41: 10월1주 | LF41: 대비 | LG41: 대비 | LK41: 10월2주 | LL41: 10월1주 | LM41: 10월2주 | LN41: 대비 | LO41: 대비 | LS41: 10월3주 | LT41: 10월2주 | LU41: 10월3주 | LV41: 대비 | LW41: 대비 | MA41: 10월4주 | MB41: 10월3주 | MC41: 10월4주 | MD41: 대비 | ME41: 대비 | MI41: 11월1주 | MJ41: 10월4주 | MK41: 11월1주 | ML41: 대비 | MM41: 대비 | MQ41: 11월2주 | MR41: 11월1주 | MS41: 11월2주 | MT41: 대비 | MU41: 대비 | MY41: 11월3주 | MZ41: 11월2주 | NA41: 11월3주 | NB41: 대비 | NC41: 대비 | NG41: 11월4주 | NH41: 11월3주 | NI41: 11월4주 | NJ41: 대비 | NK41: 대비 | NO41: 12월1주 | NP41: 11월4주 | NQ41: 12월1주 | NR41: 대비 | NS41: 대비 | NW41: 12월2주 | NX41: 12월1주 | NY41: 12월2주 | NZ41: 대비 | OA41: 대비 | OE41: 12월3주 | OF41: 12월2주 | OG41: 12월3주 | OH41: 대비 | OI41: 대비 | OM41: 12월4주 | ON41: 12월3주 | OO41: 12월4주 | OP41: 대비 | OQ41: 대비 | OU41: 12월5주 | OV41: 12월4주 | OW41: 12월5주 | OX41: 대비 | OY41: 대비
A42: 수급 | B42: 도축(천두) | C42: 468 | D42: 419 | E42: 515 | F42: =(E42-D42)/D42 -> 0.22911695 | G42: =(E42-C42)/C42 -> 0.10042735 | I42: 수급 | J42: 도축(천두) | K42: 546 | L42: 515 | M42: 651 | N42: =(M42-L42)/L42 -> 0.26407767 | O42: =(M42-K42)/K42 -> 0.19230769 | Q42: 수급 | R42: 도축(천두) | S42: 640 | T42: 655 | U42: 651 | V42: =(U42-T42)/T42 -> -0.0061068702 | W42: =(U42-S42)/S42 -> 0.0171875 | Y42: 수급 | Z42: 도축(천두) | AA42: 631 | AB42: 651 | AC42: 657 | AD42: =(AC42-AB42)/AB42 -> 0.0092165899 | AE42: =(AC42-AA42)/AA42 -> 0.041204437 | AG42: 수급 | AH42: 도축(천두) | AI42: 637 | AJ42: 657 | AK42: 653 | AL42: =(AK42-AJ42)/AJ42 -> -0.0060882801 | AM42: =(AK42-AI42)/AI42 -> 0.025117739 | AO42: 수급 | AP42: 도축(천두) | AQ42: 631 | AR42: 653 | AS42: 653 | AT42: =(AS42-AR42)/AR42 -> 0 | AU42: =(AS42-AQ42)/AQ42 -> 0.034865293 | AW42: 수급 | AX42: 도축(천두) | AY42: 620 | AZ42: 653 | BA42: 611 | BB42: =(BA42-AZ42)/AZ42 -> -0.06431853 | BC42: =(BA42-AY42)/AY42 -> -0.014516129 | BE42: 수급 | BF42: 도축(천두) | BG42: 628 | BH42: 608 | BI42: 552 | BJ42: =(BI42-BH42)/BH42 -> -0.092105263 | BK42: =(BI42-BG42)/BG42 -> -0.12101911 | BM42: 수급 | BN42: 도축(천두) | BO42: 627 | BP42: 552 | BQ42: 666 | BR42: =(BQ42-BP42)/BP42 -> 0.20652174 | BS42: =(BQ42-BO42)/BO42 -> 0.062200957 | BU42: 수급 | BV42: 도축(천두) | BW42: 647 | BX42: 666 | BY42: 665 | BZ42: =(BY42-BX42)/BX42 -> -0.0015015015 | CA42: =(BY42-BW42)/BW42 -> 0.027820711 | CC42: 수급 | CD42: 도축(천두) | CE42: 630 | CF42: 665 | CG42: 647 | CH42: =(CG42-CF42)/CF42 -> -0.027067669 | CI42: =(CG42-CE42)/CE42 -> 0.026984127 | CK42: 수급 | CL42: 도축(천두) | CM42: 653 | CN42: 647 | CO42: 624 | CP42: =(CO42-CN42)/CN42 -> -0.035548686 | CQ42: =(CO42-CM42)/CM42 -> -0.044410413 | CS42: 수급 | CT42: 도축(천두) | CU42: 676 | CV42: 624 | CW42: 646 | CX42: =(CW42-CV42)/CV42 -> 0.03525641 | CY42: =(CW42-CU42)/CU42 -> -0.044378698 | DA42: 수급 | DB42: 도축(천두) | DC42: 626 | DD42: 646 | DE42: 606 | DF42: =(DE42-DD42)/DD42 -> -0.061919505 | DG42: =(DE42-DC42)/DC42 -> -0.031948882 | DI42: 수급 | DJ42: 도축(천두) | DK42: 536 | DL42: 606 | DM42: 641 | DN42: =(DM42-DL42)/DL42 -> 0.057755776 | DO42: =(DM42-DK42)/DK42 -> 0.19589552 | DQ42: 수급 | DR42: 도축(천두) | DS42: 502 | DT42: 641 | DU42: 640 | DV42: =(DU42-DT42)/DT42 -> -0.0015600624 | DW42: =(DU42-DS42)/DS42 -> 0.2749004 | DY42: 수급 | DZ42: 도축(천두) | EA42: 469 | EB42: 640 | EC42: 665 | ED42: =(EC42-EB42)/EB42 -> 0.0390625 | EE42: =(EC42-EA42)/EA42 -> 0.41791045 | EG42: 수급 | EH42: 도축(천두) | EI42: 425 | EJ42: 665 | EK42: 649 | EL42: =(EK42-EJ42)/EJ42 -> -0.02406015 | EM42: =(EK42-EI42)/EI42 -> 0.52705882 | EO42: 수급 | EP42: 도축(천두) | EQ42: 452 | ER42: 649 | ES42: 638 | ET42: =(ES42-ER42)/ER42 -> -0.016949153 | EU42: =(ES42-EQ42)/EQ42 -> 0.41150442 | EW42: 수급 | EX42: 도축(천두) | EY42: 499 | EZ42: 638 | FA42: 640 | FB42: =(FA42-EZ42)/EZ42 -> 0.0031347962 | FC42: =(FA42-EY42)/EY42 -> 0.28256513 | FE42: 수급 | FF42: 도축(천두) | FG42: 555 | FH42: 640 | FI42: 659 | FJ42: =(FI42-FH42)/FH42 -> 0.0296875 | FK42: =(FI42-FG42)/FG42 -> 0.18738739 | FM42: 수급 | FN42: 도축(천두) | FO42: 524 | FP42: 659 | FQ42: 629 | FR42: =(FQ42-FP42)/FP42 -> -0.04552352 | FS42: =(FQ42-FO42)/FO42 -> 0.20038168 | FU42: 수급 | FV42: 도축(천두) | FW42: 636 | FX42: 629 | FY42: 538 | FZ42: =(FY42-FX42)/FX42 -> -0.14467409 | GA42: =(FY42-FW42)/FW42 -> -0.15408805 | GC42: 수급 | GD42: 도축(천두) | GE42: 658 | GF42: 538 | GG42: 665 | GH42: =(GG42-GF42)/GF42 -> 0.23605948 | GI42: =(GG42-GE42)/GE42 -> 0.010638298 | GK42: 수급 | GL42: 도축(천두) | GM42: 656 | GN42: 665 | GO42: 663 | GP42: =(GO42-GN42)/GN42 -> -0.0030075188 | GQ42: =(GO42-GM42)/GM42 -> 0.010670732 | GS42: 수급 | GT42: 도축(천두) | GU42: 680 | GV42: 663 | GW42: 661 | GX42: =(GW42-GV42)/GV42 -> -0.0030165913 | GY42: =(GW42-GU42)/GU42 -> -0.027941176 | HA42: 수급 | HB42: 도축(천두) | HC42: 593 | HD42: 661 | HE42: 623 | HF42: =(HE42-HD42)/HD42 -> -0.057488654 | HG42: =(HE42-HC42)/HC42 -> 0.050590219 | HI42: 수급 | HJ42: 도축(천두) | HK42: 664 | HL42: 623 | HM42: 582 | HN42: =(HM42-HL42)/HL42 -> -0.065810594 | HO42: =(HM42-HK42)/HK42 -> -0.12349398 | HQ42: 수급 | HR42: 도축(천두) | HS42: 650 | HT42: 582 | HU42: 653 | HV42: =(HU42-HT42)/HT42 -> 0.12199313 | HW42: =(HU42-HS42)/HS42 -> 0.0046153846 | HY42: 수급 | HZ42: 도축(천두) | IA42: 646 | IB42: 653 | IC42: 652 | ID42: =(IC42-IB42)/IB42 -> -0.0015313936 | IE42: =(IC42-IA42)/IA42 -> 0.0092879257 | IG42: 수급 | IH42: 도축(천두) | II42: 638 | IJ42: 652 | IK42: 649 | IL42: =(IK42-IJ42)/IJ42 -> -0.004601227 | IM42: =(IK42-II42)/II42 -> 0.017241379 | IO42: 수급 | IP42: 도축(천두) | IQ42: 633 | IR42: 649 | IS42: 649 | IT42: =(IS42-IR42)/IR42 -> 0 | IU42: =(IS42-IQ42)/IQ42 -> 0.025276461 | IW42: 수급 | IX42: 도축(천두) | IY42: 640 | IZ42: 649 | JA42: 639 | JB42: =(JA42-IZ42)/IZ42 -> -0.01540832 | JC42: =(JA42-IY42)/IY42 -> -0.0015625 | JE42: 수급 | JF42: 도축(천두) | JG42: 652 | JH42: 639 | JI42: 665 | JJ42: =(JI42-JH42)/JH42 -> 0.040688576 | JK42: =(JI42-JG42)/JG42 -> 0.01993865 | JM42: 수급 | JN42: 도축(천두) | JO42: 654 | JP42: 665 | JQ42: 651 | JR42: =(JQ42-JP42)/JP42 -> -0.021052632 | JS42: =(JQ42-JO42)/JO42 -> -0.004587156 | JU42: 수급 | JV42: 도축(천두) | JW42: 633 | JX42: 651 | JY42: 624 | JZ42: =(JY42-JX42)/JX42 -> -0.041474654 | KA42: =(JY42-JW42)/JW42 -> -0.014218009 | KC42: 수급 | KD42: 도축(천두) | KE42: 574 | KF42: 624 | KG42: 577 | KH42: =(KG42-KF42)/KF42 -> -0.075320513 | KI42: =(KG42-KE42)/KE42 -> 0.0052264808 | KK42: 수급 | KL42: 도축(천두) | KM42: 645 | KN42: 577 | KO42: 660 | KP42: =(KO42-KN42)/KN42 -> 0.14384749 | KQ42: =(KO42-KM42)/KM42 -> 0.023255814 | KS42: 수급 | KT42: 도축(천두) | KU42: 651 | KV42: 660 | KW42: 641 | KX42: =(KW42-KV42)/KV42 -> -0.028787879 | KY42: =(KW42-KU42)/KU42 -> -0.015360983 | LA42: 수급 | LB42: 도축(천두) | LC42: 665 | LD42: 641 | LE42: 637 | LF42: =(LE42-LD42)/LD42 -> -0.0062402496 | LG42: =(LE42-LC42)/LC42 -> -0.042105263 | LI42: 수급 | LJ42: 도축(천두) | LK42: 637 | LL42: 637 | LM42: 657 | LN42: =(LM42-LL42)/LL42 -> 0.031397174 | LO42: =(LM42-LK42)/LK42 -> 0.031397174 | LQ42: 수급 | LR42: 도축(천두) | LS42: 654 | LT42: 657 | LU42: 646 | LV42: =(LU42-LT42)/LT42 -> -0.01674277 | LW42: =(LU42-LS42)/LS42 -> -0.012232416 | LY42: 수급 | LZ42: 도축(천두) | MA42: 643 | MB42: 646 | MC42: 661 | MD42: =(MC42-MB42)/MB42 -> 0.023219814 | ME42: =(MC42-MA42)/MA42 -> 0.027993779 | MG42: 수급 | MH42: 도축(천두) | MI42: 638 | MJ42: 661 | MK42: 668 | ML42: =(MK42-MJ42)/MJ42 -> 0.010590015 | MM42: =(MK42-MI42)/MI42 -> 0.047021944 | MO42: 수급 | MP42: 도축(천두) | MQ42: 647 | MR42: 668 | MS42: 650 | MT42: =(MS42-MR42)/MR42 -> -0.026946108 | MU42: =(MS42-MQ42)/MQ42 -> 0.0046367852 | MW42: 수급 | MX42: 도축(천두) | MY42: 653 | MZ42: 650 | NA42: 655 | NB42: =(NA42-MZ42)/MZ42 -> 0.0076923077 | NC42: =(NA42-MY42)/MY42 -> 0.0030627871 | NE42: 수급 | NF42: 도축(천두) | NG42: 665 | NH42: 655 | NI42: 677 | NJ42: =(NI42-NH42)/NH42 -> 0.033587786 | NK42: =(NI42-NG42)/NG42 -> 0.018045113 | NM42: 수급 | NN42: 도축(천두) | NO42: 564 | NP42: 677 | NQ42: 566 | NR42: =(NQ42-NP42)/NP42 -> -0.16395864 | NS42: =(NQ42-NO42)/NO42 -> 0.0035460993 | NU42: 수급 | NV42: 도축(천두) | NW42: 667 | NX42: 566 | NY42: 676 | NZ42: =(NY42-NX42)/NX42 -> 0.19434629 | OA42: =(NY42-NW42)/NW42 -> 0.013493253 | OC42: 수급 | OD42: 도축(천두) | OE42: 665 | OF42: 676 | OG42: 668 | OH42: =(OG42-OF42)/OF42 -> -0.01183432 | OI42: =(OG42-OE42)/OE42 -> 0.0045112782 | OK42: 수급 | OL42: 도축(천두) | OM42: 659 | ON42: 668 | OO42: 657 | OP42: =(OO42-ON42)/ON42 -> -0.016467066 | OQ42: =(OO42-OM42)/OM42 -> -0.0030349014 | OS42: 수급 | OT42: 도축(천두) | OU42: 419 | OV42: 657 | OW42: - | OX42: =(OW42-OV42)/OV42 -> #VALUE! | OY42: =(OW42-OU42)/OU42 -> #VALUE!
B43: 수출(천톤) | F43: =(E43-D43)/D43 -> #DIV/0! | G43: =(E43-C43)/C43 -> #DIV/0! | J43: 수출(천톤) | N43: =(M43-L43)/L43 -> #DIV/0! | O43: =(M43-K43)/K43 -> #DIV/0! | R43: 수출(천톤) | V43: =(U43-T43)/T43 -> #DIV/0! | W43: =(U43-S43)/S43 -> #DIV/0! | Z43: 수출(천톤) | AD43: =(AC43-AB43)/AB43 -> #DIV/0! | AE43: =(AC43-AA43)/AA43 -> #DIV/0! | AH43: 수출(천톤) | AL43: =(AK43-AJ43)/AJ43 -> #DIV/0! | AM43: =(AK43-AI43)/AI43 -> #DIV/0! | AP43: 수출(천톤) | AT43: =(AS43-AR43)/AR43 -> #DIV/0! | AU43: =(AS43-AQ43)/AQ43 -> #DIV/0! | AX43: 수출(천톤) | BB43: =(BA43-AZ43)/AZ43 -> #DIV/0! | BC43: =(BA43-AY43)/AY43 -> #DIV/0! | BF43: 수출(천톤) | BJ43: =(BI43-BH43)/BH43 -> #DIV/0! | BK43: =(BI43-BG43)/BG43 -> #DIV/0! | BN43: 수출(천톤) | BR43: =(BQ43-BP43)/BP43 -> #DIV/0! | BS43: =(BQ43-BO43)/BO43 -> #DIV/0! | BV43: 수출(천톤) | BZ43: =(BY43-BX43)/BX43 -> #DIV/0! | CA43: =(BY43-BW43)/BW43 -> #DIV/0! | CD43: 수출(천톤) | CH43: =(CG43-CF43)/CF43 -> #DIV/0! | CI43: =(CG43-CE43)/CE43 -> #DIV/0! | CL43: 수출(천톤) | CP43: =(CO43-CN43)/CN43 -> #DIV/0! | CQ43: =(CO43-CM43)/CM43 -> #DIV/0! | CT43: 수출(천톤) | CX43: =(CW43-CV43)/CV43 -> #DIV/0! | CY43: =(CW43-CU43)/CU43 -> #DIV/0! | DB43: 수출(천톤) | DF43: =(DE43-DD43)/DD43 -> #DIV/0! | DG43: =(DE43-DC43)/DC43 -> #DIV/0! | DJ43: 수출(천톤) | DN43: =(DM43-DL43)/DL43 -> #DIV/0! | DO43: =(DM43-DK43)/DK43 -> #DIV/0! | DR43: 수출(천톤) | DV43: =(DU43-DT43)/DT43 -> #DIV/0! | DW43: =(DU43-DS43)/DS43 -> #DIV/0! | DZ43: 수출(천톤) | ED43: =(EC43-EB43)/EB43 -> #DIV/0! | EE43: =(EC43-EA43)/EA43 -> #DIV/0! | EH43: 수출(천톤) | EL43: =(EK43-EJ43)/EJ43 -> #DIV/0! | EM43: =(EK43-EI43)/EI43 -> #DIV/0! | EP43: 수출(천톤) | ET43: =(ES43-ER43)/ER43 -> #DIV/0! | EU43: =(ES43-EQ43)/EQ43 -> #DIV/0! | EX43: 수출(천톤) | FB43: =(FA43-EZ43)/EZ43 -> #DIV/0! | FC43: =(FA43-EY43)/EY43 -> #DIV/0! | FF43: 수출(천톤) | FJ43: =(FI43-FH43)/FH43 -> #DIV/0! | FK43: =(FI43-FG43)/FG43 -> #DIV/0! | FN43: 수출(천톤) | FR43: =(FQ43-FP43)/FP43 -> #DIV/0! | FS43: =(FQ43-FO43)/FO43 -> #DIV/0! | FV43: 수출(천톤) | FZ43: =(FY43-FX43)/FX43 -> #DIV/0! | GA43: =(FY43-FW43)/FW43 -> #DIV/0! | GD43: 수출(천톤) | GH43: =(GG43-GF43)/GF43 -> #DIV/0! | GI43: =(GG43-GE43)/GE43 -> #DIV/0! | GL43: 수출(천톤) | GP43: =(GO43-GN43)/GN43 -> #DIV/0! | GQ43: =(GO43-GM43)/GM43 -> #DIV/0! | GT43: 수출(천톤) | GX43: =(GW43-GV43)/GV43 -> #DIV/0! | GY43: =(GW43-GU43)/GU43 -> #DIV/0! | HB43: 수출(천톤) | HF43: =(HE43-HD43)/HD43 -> #DIV/0! | HG43: =(HE43-HC43)/HC43 -> #DIV/0! | HJ43: 수출(천톤) | HN43: =(HM43-HL43)/HL43 -> #DIV/0! | HO43: =(HM43-HK43)/HK43 -> #DIV/0! | HR43: 수출(천톤) | HV43: =(HU43-HT43)/HT43 -> #DIV/0! | HW43: =(HU43-HS43)/HS43 -> #DIV/0! | HZ43: 수출(천톤) | ID43: =(IC43-IB43)/IB43 -> #DIV/0! | IE43: =(IC43-IA43)/IA43 -> #DIV/0! | IH43: 수출(천톤) | IL43: =(IK43-IJ43)/IJ43 -> #DIV/0! | IM43: =(IK43-II43)/II43 -> #DIV/0! | IP43: 수출(천톤) | IT43: =(IS43-IR43)/IR43 -> #DIV/0! | IU43: =(IS43-IQ43)/IQ43 -> #DIV/0! | IX43: 수출(천톤) | JB43: =(JA43-IZ43)/IZ43 -> #DIV/0! | JC43: =(JA43-IY43)/IY43 -> #DIV/0! | JF43: 수출(천톤) | JJ43: =(JI43-JH43)/JH43 -> #DIV/0! | JK43: =(JI43-JG43)/JG43 -> #DIV/0! | JN43: 수출(천톤) | JR43: =(JQ43-JP43)/JP43 -> #DIV/0! | JS43: =(JQ43-JO43)/JO43 -> #DIV/0! | JV43: 수출(천톤) | JZ43: =(JY43-JX43)/JX43 -> #DIV/0! | KA43: =(JY43-JW43)/JW43 -> #DIV/0! | KD43: 수출(천톤) | KH43: =(KG43-KF43)/KF43 -> #DIV/0! | KI43: =(KG43-KE43)/KE43 -> #DIV/0! | KL43: 수출(천톤) | KP43: =(KO43-KN43)/KN43 -> #DIV/0! | KQ43: =(KO43-KM43)/KM43 -> #DIV/0! | KT43: 수출(천톤) | KX43: =(KW43-KV43)/KV43 -> #DIV/0! | KY43: =(KW43-KU43)/KU43 -> #DIV/0! | LB43: 수출(천톤) | LF43: =(LE43-LD43)/LD43 -> #DIV/0! | LG43: =(LE43-LC43)/LC43 -> #DIV/0! | LJ43: 수출(천톤) | LN43: =(LM43-LL43)/LL43 -> #DIV/0! | LO43: =(LM43-LK43)/LK43 -> #DIV/0! | LR43: 수출(천톤) | LV43: =(LU43-LT43)/LT43 -> #DIV/0! | LW43: =(LU43-LS43)/LS43 -> #DIV/0! | LZ43: 수출(천톤) | MD43: =(MC43-MB43)/MB43 -> #DIV/0! | ME43: =(MC43-MA43)/MA43 -> #DIV/0! | MH43: 수출(천톤) | ML43: =(MK43-MJ43)/MJ43 -> #DIV/0! | MM43: =(MK43-MI43)/MI43 -> #DIV/0! | MP43: 수출(천톤) | MT43: =(MS43-MR43)/MR43 -> #DIV/0! | MU43: =(MS43-MQ43)/MQ43 -> #DIV/0! | MX43: 수출(천톤) | NB43: =(NA43-MZ43)/MZ43 -> #DIV/0! | NC43: =(NA43-MY43)/MY43 -> #DIV/0! | NF43: 수출(천톤) | NJ43: =(NI43-NH43)/NH43 -> #DIV/0! | NK43: =(NI43-NG43)/NG43 -> #DIV/0! | NN43: 수출(천톤) | NR43: =(NQ43-NP43)/NP43 -> #DIV/0! | NS43: =(NQ43-NO43)/NO43 -> #DIV/0! | NV43: 수출(천톤) | NZ43: =(NY43-NX43)/NX43 -> #DIV/0! | OA43: =(NY43-NW43)/NW43 -> #DIV/0! | OD43: 수출(천톤) | OH43: =(OG43-OF43)/OF43 -> #DIV/0! | OI43: =(OG43-OE43)/OE43 -> #DIV/0! | OL43: 수출(천톤) | OP43: =(OO43-ON43)/ON43 -> #DIV/0! | OQ43: =(OO43-OM43)/OM43 -> #DIV/0! | OT43: 수출(천톤) | OX43: =(OW43-OV43)/OV43 -> #DIV/0! | OY43: =(OW43-OU43)/OU43 -> #DIV/0!
A44: 가격 | B44: 지육($/kg) | C44: 4.63 | D44: 4.63 | E44: 4.63 | F44: =(E44-D44)/D44 -> 0 | G44: =(E44-C44)/C44 -> 0 | I44: 가격 | J44: 지육($/kg) | K44: 4.61 | L44: 4.63 | M44: 4.61 | N44: =(M44-L44)/L44 -> -0.0043196544 | O44: =(M44-K44)/K44 -> 0 | Q44: 가격 | R44: 지육($/kg) | S44: 4.63 | T44: 4.61 | U44: 4.65 | V44: =(U44-T44)/T44 -> 0.0086767896 | W44: =(U44-S44)/S44 -> 0.0043196544 | Y44: 가격 | Z44: 지육($/kg) | AA44: 4.7 | AB44: 4.65 | AC44: 4.83 | AD44: =(AC44-AB44)/AB44 -> 0.038709677 | AE44: =(AC44-AA44)/AA44 -> 0.027659574 | AG44: 가격 | AH44: 지육($/kg) | AI44: 4.7 | AJ44: 4.83 | AK44: 5.07 | AL44: =(AK44-AJ44)/AJ44 -> 0.049689441 | AM44: =(AK44-AI44)/AI44 -> 0.078723404 | AO44: 가격 | AP44: 지육($/kg) | AQ44: 4.65 | AR44: 5.07 | AS44: 5.18 | AT44: =(AS44-AR44)/AR44 -> 0.021696252 | AU44: =(AS44-AQ44)/AQ44 -> 0.11397849 | AW44: 가격 | AX44: 지육($/kg) | AY44: 4.59 | AZ44: 5.18 | BA44: 5.16 | BB44: =(BA44-AZ44)/AZ44 -> -0.0038610039 | BC44: =(BA44-AY44)/AY44 -> 0.12418301 | BE44: 가격 | BF44: 지육($/kg) | BG44: 4.54 | BH44: 5.16 | BI44: 5.22 | BJ44: =(BI44-BH44)/BH44 -> 0.011627907 | BK44: =(BI44-BG44)/BG44 -> 0.14977974 | BM44: 가격 | BN44: 지육($/kg) | BO44: 4.54 | BP44: 5.22 | BQ44: 5.29 | BR44: =(BQ44-BP44)/BP44 -> 0.013409962 | BS44: =(BQ44-BO44)/BO44 -> 0.16519824 | BU44: 가격 | BV44: 지육($/kg) | BW44: 4.56 | BX44: 5.29 | BY44: 5.16 | BZ44: =(BY44-BX44)/BX44 -> -0.024574669 | CA44: =(BY44-BW44)/BW44 -> 0.13157895 | CC44: 가격 | CD44: 지육($/kg) | CE44: 4.56 | CF44: 5.16 | CG44: 5.03 | CH44: =(CG44-CF44)/CF44 -> -0.025193798 | CI44: =(CG44-CE44)/CE44 -> 0.10307018 | CK44: 가격 | CL44: 지육($/kg) | CM44: 5.36 | CN44: 5.03 | CO44: 5.03 | CP44: =(CO44-CN44)/CN44 -> 0 | CQ44: =(CO44-CM44)/CM44 -> -0.061567164 | CS44: 가격 | CT44: 지육($/kg) | CU44: 5.62 | CV44: 5.03 | CW44: 5.18 | CX44: =(CW44-CV44)/CV44 -> 0.029821074 | CY44: =(CW44-CU44)/CU44 -> -0.078291815 | DA44: 가격 | DB44: 지육($/kg) | DC44: 5.25 | DD44: 5.18 | DE44: 5.25 | DF44: =(DE44-DD44)/DD44 -> 0.013513514 | DG44: =(DE44-DC44)/DC44 -> 0 | DI44: 가격 | DJ44: 지육($/kg) | DK44: 4.96 | DL44: 5.25 | DM44: 5.45 | DN44: =(DM44-DL44)/DL44 -> 0.038095238 | DO44: =(DM44-DK44)/DK44 -> 0.098790323 | DQ44: 가격 | DR44: 지육($/kg) | DS44: 5.11 | DT44: 5.45 | DU44: 6.02 | DV44: =(DU44-DT44)/DT44 -> 0.10458716 | DW44: =(DU44-DS44)/DS44 -> 0.17808219 | DY44: 가격 | DZ44: 지육($/kg) | EA44: 6 | EB44: 6.02 | EC44: 6.17 | ED44: =(EC44-EB44)/EB44 -> 0.024916944 | EE44: =(EC44-EA44)/EA44 -> 0.028333333 | EG44: 가격 | EH44: 지육($/kg) | EI44: 7.69 | EJ44: 6.17 | EK44: 6.44 | EL44: =(EK44-EJ44)/EJ44 -> 0.04376013 | EM44: =(EK44-EI44)/EI44 -> -0.16254876 | EO44: 가격 | EP44: 지육($/kg) | EQ44: 9.33 | ER44: 6.44 | ES44: 6.68 | ET44: =(ES44-ER44)/ER44 -> 0.037267081 | EU44: =(ES44-EQ44)/EQ44 -> -0.28403001 | EW44: 가격 | EX44: 지육($/kg) | EY44: 10.12 | EZ44: 6.68 | FA44: 6.92 | FB44: =(FA44-EZ44)/EZ44 -> 0.035928144 | FC44: =(FA44-EY44)/EY44 -> -0.31620553 | FE44: 가격 | FF44: 지육($/kg) | FG44: 8.93 | FH44: 6.92 | FI44: 7.12 | FJ44: =(FI44-FH44)/FH44 -> 0.028901734 | FK44: =(FI44-FG44)/FG44 -> -0.20268757 | FM44: 가격 | FN44: 지육($/kg) | FO44: 8.25 | FP44: 7.12 | FQ44: 7.28 | FR44: =(FQ44-FP44)/FP44 -> 0.02247191 | FS44: =(FQ44-FO44)/FO44 -> -0.11757576 | FU44: 가격 | FV44: 지육($/kg) | FW44: 6.57 | FX44: 7.28 | FY44: 7.47 | FZ44: =(FY44-FX44)/FX44 -> 0.026098901 | GA44: =(FY44-FW44)/FW44 -> 0.1369863 | GC44: 가격 | GD44: 지육($/kg) | GE44: 5.31 | GF44: 7.47 | GG44: 7.45 | GH44: =(GG44-GF44)/GF44 -> -0.0026773762 | GI44: =(GG44-GE44)/GE44 -> 0.40301318 | GK44: 가격 | GL44: 지육($/kg) | GM44: 4.85 | GN44: 7.45 | GO44: 7.28 | GP44: =(GO44-GN44)/GN44 -> -0.022818792 | GQ44: =(GO44-GM44)/GM44 -> 0.50103093 | GS44: 가격 | GT44: 지육($/kg) | GU44: 4.63 | GV44: 7.28 | GW44: 6.88 | GX44: =(GW44-GV44)/GV44 -> -0.054945055 | GY44: =(GW44-GU44)/GU44 -> 0.48596112 | HA44: 가격 | HB44: 지육($/kg) | HC44: 4.56 | HD44: 6.88 | HE44: 6.42 | HF44: =(HE44-HD44)/HD44 -> -0.066860465 | HG44: =(HE44-HC44)/HC44 -> 0.40789474 | HI44: 가격 | HJ44: 지육($/kg) | HK44: 4.52 | HL44: 6.42 | HM44: 6.24 | HN44: =(HM44-HL44)/HL44 -> -0.028037383 | HO44: =(HM44-HK44)/HK44 -> 0.38053097 | HQ44: 가격 | HR44: 지육($/kg) | HS44: 4.43 | HT44: 6.24 | HU44: 6 | HV44: =(HU44-HT44)/HT44 -> -0.038461538 | HW44: =(HU44-HS44)/HS44 -> 0.35440181 | HY44: 가격 | HZ44: 지육($/kg) | IA44: 4.45 | IB44: 6 | IC44: 5.86 | ID44: =(IC44-IB44)/IB44 -> -0.023333333 | IE44: =(IC44-IA44)/IA44 -> 0.31685393 | IG44: 가격 | IH44: 지육($/kg) | II44: 4.45 | IJ44: 5.86 | IK44: 6.02 | IL44: =(IK44-IJ44)/IJ44 -> 0.027303754 | IM44: =(IK44-II44)/II44 -> 0.35280899 | IO44: 가격 | IP44: 지육($/kg) | IQ44: 4.52 | IR44: 6.02 | IS44: 6.37 | IT44: =(IS44-IR44)/IR44 -> 0.058139535 | IU44: =(IS44-IQ44)/IQ44 -> 0.40929204 | IW44: 가격 | IX44: 지육($/kg) | IY44: 4.63 | IZ44: 6.37 | JA44: 6.88 | JB44: =(JA44-IZ44)/IZ44 -> 0.080062794 | JC44: =(JA44-IY44)/IY44 -> 0.48596112 | JE44: 가격 | JF44: 지육($/kg) | JG44: 4.92 | JH44: 6.88 | JI44: 7.47 | JJ44: =(JI44-JH44)/JH44 -> 0.085755814 | JK44: =(JI44-JG44)/JG44 -> 0.51829268 | JM44: 가격 | JN44: 지육($/kg) | JO44: 5.07 | JP44: 7.47 | JQ44: 7.65 | JR44: =(JQ44-JP44)/JP44 -> 0.024096386 | JS44: =(JQ44-JO44)/JO44 -> 0.50887574 | JU44: 가격 | JV44: 지육($/kg) | JW44: 5 | JX44: 7.65 | JY44: 7.5 | JZ44: =(JY44-JX44)/JX44 -> -0.019607843 | KA44: =(JY44-JW44)/JW44 -> 0.5 | KC44: 가격 | KD44: 지육($/kg) | KE44: 4.89 | KF44: 7.5 | KG44: 7.32 | KH44: =(KG44-KF44)/KF44 -> -0.024 | KI44: =(KG44-KE44)/KE44 -> 0.49693252 | KK44: 가격 | KL44: 지육($/kg) | KM44: 4.76 | KN44: 7.32 | KO44: 7.05 | KP44: =(KO44-KN44)/KN44 -> -0.036885246 | KQ44: =(KO44-KM44)/KM44 -> 0.48109244 | KS44: 가격 | KT44: 지육($/kg) | KU44: 4.78 | KV44: 7.05 | KW44: 6.81 | KX44: =(KW44-KV44)/KV44 -> -0.034042553 | KY44: =(KW44-KU44)/KU44 -> 0.42468619 | LA44: 가격 | LB44: 지육($/kg) | LC44: 4.81 | LD44: 6.81 | LE44: 6.57 | LF44: =(LE44-LD44)/LD44 -> -0.035242291 | LG44: =(LE44-LC44)/LC44 -> 0.36590437 | LI44: 가격 | LJ44: 지육($/kg) | LK44: 4.76 | LL44: 6.57 | LM44: 6.31 | LN44: =(LM44-LL44)/LL44 -> -0.03957382 | LO44: =(LM44-LK44)/LK44 -> 0.32563025 | LQ44: 가격 | LR44: 지육($/kg) | LS44: 4.67 | LT44: 6.31 | LU44: 6.19 | LV44: =(LU44-LT44)/LT44 -> -0.019017433 | LW44: =(LU44-LS44)/LS44 -> 0.3254818 | LY44: 가격 | LZ44: 지육($/kg) | MA44: 4.61 | MB44: 6.19 | MC44: 6.19 | MD44: =(MC44-MB44)/MB44 -> 0 | ME44: =(MC44-MA44)/MA44 -> 0.34273319 | MG44: 가격 | MH44: 지육($/kg) | MI44: 4.56 | MJ44: 6.19 | MK44: 6.26 | ML44: =(MK44-MJ44)/MJ44 -> 0.011308562 | MM44: =(MK44-MI44)/MI44 -> 0.37280702 | MO44: 가격 | MP44: 지육($/kg) | MQ44: 4.65 | MR44: 6.26 | MS44: 6.37 | MT44: =(MS44-MR44)/MR44 -> 0.017571885 | MU44: =(MS44-MQ44)/MQ44 -> 0.36989247 | MW44: 가격 | MX44: 지육($/kg) | MY44: 4.92 | MZ44: 6.37 | NA44: 6.31 | NB44: =(NA44-MZ44)/MZ44 -> -0.0094191523 | NC44: =(NA44-MY44)/MY44 -> 0.28252033 | NE44: 가격 | NF44: 지육($/kg) | NG44: 5.18 | NH44: 6.31 | NI44: 6.17 | NJ44: =(NI44-NH44)/NH44 -> -0.022187005 | NK44: =(NI44-NG44)/NG44 -> 0.19111969 | NM44: 가격 | NN44: 지육($/kg) | NO44: 5.36 | NP44: 6.17 | NQ44: 6.15 | NR44: =(NQ44-NP44)/NP44 -> -0.0032414911 | NS44: =(NQ44-NO44)/NO44 -> 0.14738806 | NU44: 가격 | NV44: 지육($/kg) | NW44: 5.29 | NX44: 6.15 | NY44: 6.02 | NZ44: =(NY44-NX44)/NX44 -> -0.021138211 | OA44: =(NY44-NW44)/NW44 -> 0.13799622 | OC44: 가격 | OD44: 지육($/kg) | OE44: 4.87 | OF44: 6.02 | OG44: 5.89 | OH44: =(OG44-OF44)/OF44 -> -0.021594684 | OI44: =(OG44-OE44)/OE44 -> 0.20944559 | OK44: 가격 | OL44: 지육($/kg) | OM44: 4.61 | ON44: 5.89 | OO44: 5.78 | OP44: =(OO44-ON44)/ON44 -> -0.018675722 | OQ44: =(OO44-OM44)/OM44 -> 0.2537961 | OS44: 가격 | OT44: 지육($/kg) | OU44: 4.63 | OV44: 5.78 | OW44: 5.78 | OX44: =(OW44-OV44)/OV44 -> 0 | OY44: =(OW44-OU44)/OU44 -> 0.24838013
B45: 지육(원/kg) | C45: 5352 | D45: 5035 | E45: 5030 | F45: =(E45-D45)/D45 -> -0.00099304866 | G45: =(E45-C45)/C45 -> -0.060164425 | J45: 지육(원/kg) | K45: 5386 | L45: 5030 | M45: 5006 | N45: =(M45-L45)/L45 -> -0.0047713718 | O45: =(M45-K45)/K45 -> -0.070553286 | R45: 지육(원/kg) | S45: 5361 | T45: 5006 | U45: 5124 | V45: =(U45-T45)/T45 -> 0.023571714 | W45: =(U45-S45)/S45 -> -0.04420817 | Z45: 지육(원/kg) | AA45: 5471 | AB45: 5124 | AC45: 5335 | AD45: =(AC45-AB45)/AB45 -> 0.041178767 | AE45: =(AC45-AA45)/AA45 -> -0.024858344 | AH45: 지육(원/kg) | AI45: 5562 | AJ45: 5335 | AK45: 5659 | AL45: =(AK45-AJ45)/AJ45 -> 0.060731022 | AM45: =(AK45-AI45)/AI45 -> 0.01743977 | AP45: 지육(원/kg) | AQ45: 5489 | AR45: 5659 | AS45: 5735 | AT45: =(AS45-AR45)/AR45 -> 0.013429935 | AU45: =(AS45-AQ45)/AQ45 -> 0.044816907 | AX45: 지육(원/kg) | AY45: 5457 | AZ45: 5735 | BA45: 5713 | BB45: =(BA45-AZ45)/AZ45 -> -0.0038360942 | BC45: =(BA45-AY45)/AY45 -> 0.046912223 | BF45: 지육(원/kg) | BG45: 5518 | BH45: 5713 | BI45: 5794 | BJ45: =(BI45-BH45)/BH45 -> 0.01417819 | BK45: =(BI45-BG45)/BG45 -> 0.050018123 | BN45: 지육(원/kg) | BO45: 5373 | BP45: 5794 | BQ45: 5939 | BR45: =(BQ45-BP45)/BP45 -> 0.025025889 | BS45: =(BQ45-BO45)/BO45 -> 0.10534152 | BV45: 지육(원/kg) | BW45: 5437 | BX45: 5939 | BY45: 5891 | BZ45: =(BY45-BX45)/BX45 -> -0.0080821687 | CA45: =(BY45-BW45)/BW45 -> 0.083501931 | CD45: 지육(원/kg) | CE45: 5736 | CF45: 5891 | CG45: 5677 | CH45: =(CG45-CF45)/CF45 -> -0.0363266 | CI45: =(CG45-CE45)/CE45 -> -0.010285914 | CL45: 지육(원/kg) | CM45: 6595 | CN45: 5677 | CO45: 5693 | CP45: =(CO45-CN45)/CN45 -> 0.00281839 | CQ45: =(CO45-CM45)/CM45 -> -0.13677028 | CT45: 지육(원/kg) | CU45: 6920 | CV45: 5693 | CW45: 5854 | CX45: =(CW45-CV45)/CV45 -> 0.028280344 | CY45: =(CW45-CU45)/CU45 -> -0.15404624 | DB45: 지육(원/kg) | DC45: 6401 | DD45: 5854 | DE45: 5869 | DF45: =(DE45-DD45)/DD45 -> 0.0025623505 | DG45: =(DE45-DC45)/DC45 -> -0.083112014 | DJ45: 지육(원/kg) | DK45: 6032 | DL45: 5869 | DM45: 6073 | DN45: =(DM45-DL45)/DL45 -> 0.034758903 | DO45: =(DM45-DK45)/DK45 -> 0.0067970822 | DR45: 지육(원/kg) | DS45: 6301 | DT45: 6073 | DU45: 6723 | DV45: =(DU45-DT45)/DT45 -> 0.10703112 | DW45: =(DU45-DS45)/DS45 -> 0.066973496 | DZ45: 지육(원/kg) | EA45: 7310 | EB45: 6723 | EC45: 6866 | ED45: =(EC45-EB45)/EB45 -> 0.021270266 | EE45: =(EC45-EA45)/EA45 -> -0.060738714 | EH45: 지육(원/kg) | EI45: 9429 | EJ45: 6866 | EK45: 7249 | EL45: =(EK45-EJ45)/EJ45 -> 0.055782115 | EM45: =(EK45-EI45)/EI45 -> -0.23120161 | EP45: 지육(원/kg) | EQ45: 11419 | ER45: 7249 | ES45: 7504 | ET45: =(ES45-ER45)/ER45 -> 0.035177266 | EU45: =(ES45-EQ45)/EQ45 -> -0.34284964 | EX45: 지육(원/kg) | EY45: 12437 | EZ45: 7504 | FA45: 7816 | FB45: =(FA45-EZ45)/EZ45 -> 0.041577825 | FC45: =(FA45-EY45)/EY45 -> -0.37155263 | FF45: 지육(원/kg) | FG45: 11023 | FH45: 7816 | FI45: 7954 | FJ45: =(FI45-FH45)/FH45 -> 0.01765609 | FK45: =(FI45-FG45)/FG45 -> -0.27841785 | FN45: 지육(원/kg) | FO45: 10035 | FP45: 7954 | FQ45: 8101 | FR45: =(FQ45-FP45)/FP45 -> 0.018481267 | FS45: =(FQ45-FO45)/FO45 -> -0.19272546 | FV45: 지육(원/kg) | FW45: 7837 | FX45: 8101 | FY45: 8338 | FZ45: =(FY45-FX45)/FX45 -> 0.029255647 | GA45: =(FY45-FW45)/FW45 -> 0.063927523 | GD45: 지육(원/kg) | GE45: 6299 | GF45: 8338 | GG45: 8328 | GH45: =(GG45-GF45)/GF45 -> -0.0011993284 | GI45: =(GG45-GE45)/GE45 -> 0.32211462 | GL45: 지육(원/kg) | GM45: 5850 | GN45: 8328 | GO45: 8263 | GP45: =(GO45-GN45)/GN45 -> -0.0078049952 | GQ45: =(GO45-GM45)/GM45 -> 0.41247863 | GT45: 지육(원/kg) | GU45: 5572 | GV45: 8263 | GW45: 7762 | GX45: =(GW45-GV45)/GV45 -> -0.060631732 | GY45: =(GW45-GU45)/GU45 -> 0.39303661 | HB45: 지육(원/kg) | HC45: 5453 | HD45: 7762 | HE45: 7298 | HF45: =(HE45-HD45)/HD45 -> -0.059778408 | HG45: =(HE45-HC45)/HC45 -> 0.33834586 | HJ45: 지육(원/kg) | HK45: 5428 | HL45: 7298 | HM45: 7175 | HN45: =(HM45-HL45)/HL45 -> -0.016853933 | HO45: =(HM45-HK45)/HK45 -> 0.32184967 | HR45: 지육(원/kg) | HS45: 5304 | HT45: 7175 | HU45: 6923 | HV45: =(HU45-HT45)/HT45 -> -0.035121951 | HW45: =(HU45-HS45)/HS45 -> 0.30524133 | HZ45: 지육(원/kg) | IA45: 5321 | IB45: 6923 | IC45: 6767 | ID45: =(IC45-IB45)/IB45 -> -0.022533584 | IE45: =(IC45-IA45)/IA45 -> 0.27175343 | IH45: 지육(원/kg) | II45: 5291 | IJ45: 6767 | IK45: 6885 | IL45: =(IK45-IJ45)/IJ45 -> 0.017437565 | IM45: =(IK45-II45)/II45 -> 0.3012663 | IP45: 지육(원/kg) | IQ45: 5353 | IR45: 6885 | IS45: 7372 | IT45: =(IS45-IR45)/IR45 -> 0.070733479 | IU45: =(IS45-IQ45)/IQ45 -> 0.37717168 | IX45: 지육(원/kg) | IY45: 5468 | IZ45: 7372 | JA45: 8051 | JB45: =(JA45-IZ45)/IZ45 -> 0.092105263 | JC45: =(JA45-IY45)/IY45 -> 0.47238478 | JF45: 지육(원/kg) | JG45: 5836 | JH45: 8051 | JI45: 8726 | JJ45: =(JI45-JH45)/JH45 -> 0.083840517 | JK45: =(JI45-JG45)/JG45 -> 0.49520219 | JN45: 지육(원/kg) | JO45: 6019 | JP45: 8726 | JQ45: 8870 | JR45: =(JQ45-JP45)/JP45 -> 0.016502407 | JS45: =(JQ45-JO45)/JO45 -> 0.47366672 | JV45: 지육(원/kg) | JW45: 5943 | JX45: 8870 | JY45: 8748 | JZ45: =(JY45-JX45)/JX45 -> -0.013754228 | KA45: =(JY45-JW45)/JW45 -> 0.47198385 | KD45: 지육(원/kg) | KE45: 5743 | KF45: 8748 | KG45: 8549 | KH45: =(KG45-KF45)/KF45 -> -0.022748057 | KI45: =(KG45-KE45)/KE45 -> 0.48859481 | KL45: 지육(원/kg) | KM45: 5547 | KN45: 8549 | KO45: 8339 | KP45: =(KO45-KN45)/KN45 -> -0.024564277 | KQ45: =(KO45-KM45)/KM45 -> 0.50333514 | KT45: 지육(원/kg) | KU45: 5593 | KV45: 8339 | KW45: 8073 | KX45: =(KW45-KV45)/KV45 -> -0.031898309 | KY45: =(KW45-KU45)/KU45 -> 0.44341141 | LB45: 지육(원/kg) | LC45: 5583 | LD45: 8073 | LE45: 7861 | LF45: =(LE45-LD45)/LD45 -> -0.026260374 | LG45: =(LE45-LC45)/LC45 -> 0.40802436 | LJ45: 지육(원/kg) | LK45: 5460 | LL45: 7861 | LM45: 7532 | LN45: =(LM45-LL45)/LL45 -> -0.041852182 | LO45: =(LM45-LK45)/LK45 -> 0.37948718 | LR45: 지육(원/kg) | LS45: 5298 | LT45: 7532 | LU45: 7279 | LV45: =(LU45-LT45)/LT45 -> -0.033590016 | LW45: =(LU45-LS45)/LS45 -> 0.37391468 | LZ45: 지육(원/kg) | MA45: 5223 | MB45: 7279 | MC45: 7270 | MD45: =(MC45-MB45)/MB45 -> -0.0012364336 | ME45: =(MC45-MA45)/MA45 -> 0.39192035 | MH45: 지육(원/kg) | MI45: 5202 | MJ45: 7270 | MK45: 7401 | ML45: =(MK45-MJ45)/MJ45 -> 0.018019257 | MM45: =(MK45-MI45)/MI45 -> 0.42272203 | MP45: 지육(원/kg) | MQ45: 5177 | MR45: 7401 | MS45: 7512 | MT45: =(MS45-MR45)/MR45 -> 0.014997973 | MU45: =(MS45-MQ45)/MQ45 -> 0.45103342 | MX45: 지육(원/kg) | MY45: 5425 | MZ45: 7512 | NA45: 7456 | NB45: =(NA45-MZ45)/MZ45 -> -0.0074547391 | NC45: =(NA45-MY45)/MY45 -> 0.37437788 | NF45: 지육(원/kg) | NG45: 5735 | NH45: 7456 | NI45: 7324 | NJ45: =(NI45-NH45)/NH45 -> -0.017703863 | NK45: =(NI45-NG45)/NG45 -> 0.27707062 | NN45: 지육(원/kg) | NO45: 5909 | NP45: 7324 | NQ45: 7261 | NR45: =(NQ45-NP45)/NP45 -> -0.0086018569 | NS45: =(NQ45-NO45)/NO45 -> 0.22880352 | NV45: 지육(원/kg) | NW45: 5741 | NX45: 7261 | NY45: 7084 | NZ45: =(NY45-NX45)/NX45 -> -0.024376808 | OA45: =(NY45-NW45)/NW45 -> 0.23393137 | OD45: 지육(원/kg) | OE45: 5316 | OF45: 7084 | OG45: 6987 | OH45: =(OG45-OF45)/OF45 -> -0.013692829 | OI45: =(OG45-OE45)/OE45 -> 0.31433409 | OL45: 지육(원/kg) | OM45: 5109 | ON45: 6987 | OO45: 6878 | OP45: =(OO45-ON45)/ON45 -> -0.015600401 | OQ45: =(OO45-OM45)/OM45 -> 0.34625171 | OT45: 지육(원/kg) | OU45: 5035 | OV45: 6878 | OW45: 6856 | OX45: =(OW45-OV45)/OV45 -> -0.0031986042 | OY45: =(OW45-OU45)/OU45 -> 0.36166832
A47: 쇠고기/호주 | I47: 쇠고기/호주 | Q47: 쇠고기/호주 | Y47: 쇠고기/호주 | AG47: 쇠고기/호주 | AO47: 쇠고기/호주 | AW47: 쇠고기/호주 | BE47: 쇠고기/호주 | BM47: 쇠고기/호주 | BU47: 쇠고기/호주 | CC47: 쇠고기/호주 | CK47: 쇠고기/호주 | CS47: 쇠고기/호주 | DA47: 쇠고기/호주 | DI47: 쇠고기/호주 | DQ47: 쇠고기/호주 | DY47: 쇠고기/호주 | EG47: 쇠고기/호주 | EO47: 쇠고기/호주 | EW47: 쇠고기/호주 | FE47: 쇠고기/호주 | FM47: 쇠고기/호주 | FU47: 쇠고기/호주 | GC47: 쇠고기/호주 | GK47: 쇠고기/호주 | GS47: 쇠고기/호주 | HA47: 쇠고기/호주 | HI47: 쇠고기/호주 | HQ47: 쇠고기/호주 | HY47: 쇠고기/호주 | IG47: 쇠고기/호주 | IO47: 쇠고기/호주 | IW47: 쇠고기/호주 | JE47: 쇠고기/호주 | JM47: 쇠고기/호주 | JU47: 쇠고기/호주 | KC47: 쇠고기/호주 | KK47: 쇠고기/호주 | KS47: 쇠고기/호주 | LA47: 쇠고기/호주 | LI47: 쇠고기/호주 | LQ47: 쇠고기/호주 | LY47: 쇠고기/호주 | MG47: 쇠고기/호주 | MO47: 쇠고기/호주 | MW47: 쇠고기/호주 | NE47: 쇠고기/호주 | NM47: 쇠고기/호주 | NU47: 쇠고기/호주 | OC47: 쇠고기/호주 | OK47: 쇠고기/호주 | OS47: 쇠고기/호주
A48: 구분 | C48: 2020년 | D48: 2021년 | F48: 전주 | G48: 전년 | I48: 구분 | K48: 2020년 | L48: 2021년 | N48: 전주 | O48: 전년 | Q48: 구분 | S48: 2020년 | T48: 2021년 | V48: 전주 | W48: 전년 | Y48: 구분 | AA48: 2020년 | AB48: 2021년 | AD48: 전주 | AE48: 전년 | AG48: 구분 | AI48: 2020년 | AJ48: 2021년 | AL48: 전주 | AM48: 전년 | AO48: 구분 | AQ48: 2020년 | AR48: 2021년 | AT48: 전주 | AU48: 전년 | AW48: 구분 | AY48: 2020년 | AZ48: 2021년 | BB48: 전주 | BC48: 전년 | BE48: 구분 | BG48: 2020년 | BH48: 2021년 | BJ48: 전주 | BK48: 전년 | BM48: 구분 | BO48: 2020년 | BP48: 2021년 | BR48: 전주 | BS48: 전년 | BU48: 구분 | BW48: 2020년 | BX48: 2021년 | BZ48: 전주 | CA48: 전년 | CC48: 구분 | CE48: 2020년 | CF48: 2021년 | CH48: 전주 | CI48: 전년 | CK48: 구분 | CM48: 2020년 | CN48: 2021년 | CP48: 전주 | CQ48: 전년 | CS48: 구분 | CU48: 2020년 | CV48: 2021년 | CX48: 전주 | CY48: 전년 | DA48: 구분 | DC48: 2020년 | DD48: 2021년 | DF48: 전주 | DG48: 전년 | DI48: 구분 | DK48: 2020년 | DL48: 2021년 | DN48: 전주 | DO48: 전년 | DQ48: 구분 | DS48: 2020년 | DT48: 2021년 | DV48: 전주 | DW48: 전년 | DY48: 구분 | EA48: 2020년 | EB48: 2021년 | ED48: 전주 | EE48: 전년 | EG48: 구분 | EI48: 2020년 | EJ48: 2021년 | EL48: 전주 | EM48: 전년 | EO48: 구분 | EQ48: 2020년 | ER48: 2021년 | ET48: 전주 | EU48: 전년 | EW48: 구분 | EY48: 2020년 | EZ48: 2021년 | FB48: 전주 | FC48: 전년 | FE48: 구분 | FG48: 2020년 | FH48: 2021년 | FJ48: 전주 | FK48: 전년 | FM48: 구분 | FO48: 2020년 | FP48: 2021년 | FR48: 전주 | FS48: 전년 | FU48: 구분 | FW48: 2020년 | FX48: 2021년 | FZ48: 전주 | GA48: 전년 | GC48: 구분 | GE48: 2020년 | GF48: 2021년 | GH48: 전주 | GI48: 전년 | GK48: 구분 | GM48: 2020년 | GN48: 2021년 | GP48: 전주 | GQ48: 전년 | GS48: 구분 | GU48: 2020년 | GV48: 2021년 | GX48: 전주 | GY48: 전년 | HA48: 구분 | HC48: 2020년 | HD48: 2021년 | HF48: 전주 | HG48: 전년 | HI48: 구분 | HK48: 2020년 | HL48: 2021년 | HN48: 전주 | HO48: 전년 | HQ48: 구분 | HS48: 2020년 | HT48: 2021년 | HV48: 전주 | HW48: 전년 | HY48: 구분 | IA48: 2020년 | IB48: 2021년 | ID48: 전주 | IE48: 전년 | IG48: 구분 | II48: 2020년 | IJ48: 2021년 | IL48: 전주 | IM48: 전년 | IO48: 구분 | IQ48: 2020년 | IR48: 2021년 | IT48: 전주 | IU48: 전년 | IW48: 구분 | IY48: 2020년 | IZ48: 2021년 | JB48: 전주 | JC48: 전년 | JE48: 구분 | JG48: 2020년 | JH48: 2021년 | JJ48: 전주 | JK48: 전년 | JM48: 구분 | JO48: 2020년 | JP48: 2021년 | JR48: 전주 | JS48: 전년 | JU48: 구분 | JW48: 2020년 | JX48: 2021년 | JZ48: 전주 | KA48: 전년 | KC48: 구분 | KE48: 2020년 | KF48: 2021년 | KH48: 전주 | KI48: 전년 | KK48: 구분 | KM48: 2020년 | KN48: 2021년 | KP48: 전주 | KQ48: 전년 | KS48: 구분 | KU48: 2020년 | KV48: 2021년 | KX48: 전주 | KY48: 전년 | LA48: 구분 | LC48: 2020년 | LD48: 2021년 | LF48: 전주 | LG48: 전년 | LI48: 구분 | LK48: 2020년 | LL48: 2021년 | LN48: 전주 | LO48: 전년 | LQ48: 구분 | LS48: 2020년 | LT48: 2021년 | LV48: 전주 | LW48: 전년 | LY48: 구분 | MA48: 2020년 | MB48: 2021년 | MD48: 전주 | ME48: 전년 | MG48: 구분 | MI48: 2020년 | MJ48: 2021년 | ML48: 전주 | MM48: 전년 | MO48: 구분 | MQ48: 2020년 | MR48: 2021년 | MT48: 전주 | MU48: 전년 | MW48: 구분 | MY48: 2020년 | MZ48: 2021년 | NB48: 전주 | NC48: 전년 | NE48: 구분 | NG48: 2020년 | NH48: 2021년 | NJ48: 전주 | NK48: 전년 | NM48: 구분 | NO48: 2020년 | NP48: 2021년 | NR48: 전주 | NS48: 전년 | NU48: 구분 | NW48: 2020년 | NX48: 2021년 | NZ48: 전주 | OA48: 전년 | OC48: 구분 | OE48: 2020년 | OF48: 2021년 | OH48: 전주 | OI48: 전년 | OK48: 구분 | OM48: 2020년 | ON48: 2021년 | OP48: 전주 | OQ48: 전년 | OS48: 구분 | OU48: 2020년 | OV48: 2021년 | OX48: 전주 | OY48: 전년
C49: 1월1주 | D49: 12월4주 | E49: 1월1주 | F49: 대비 | G49: 대비 | K49: 1월2주 | L49: 1월1주 | M49: 1월2주 | N49: 대비 | O49: 대비 | S49: 1월3주 | T49: 1월2주 | U49: 1월3주 | V49: 대비 | W49: 대비 | AA49: 1월4주 | AB49: 1월3주 | AC49: 1월4주 | AD49: 대비 | AE49: 대비 | AI49: 2월1주 | AJ49: 1월4주 | AK49: 2월1주 | AL49: 대비 | AM49: 대비 | AQ49: 2월2주 | AR49: 2월1주 | AS49: 2월2주 | AT49: 대비 | AU49: 대비 | AY49: 2월3주 | AZ49: 2월2주 | BA49: 2월3주 | BB49: 대비 | BC49: 대비 | BG49: 2월4주 | BH49: 2월3주 | BI49: 2월4주 | BJ49: 대비 | BK49: 대비 | BO49: 3월1주 | BP49: 2월4주 | BQ49: 3월1주 | BR49: 대비 | BS49: 대비 | BW49: 3월2주 | BX49: 3월1주 | BY49: 3월2주 | BZ49: 대비 | CA49: 대비 | CE49: 3월3주 | CF49: 3월2주 | CG49: 3월3주 | CH49: 대비 | CI49: 대비 | CM49: 3월4주 | CN49: 3월3주 | CO49: 3월4주 | CP49: 대비 | CQ49: 대비 | CU49: 3월5주 | CV49: 3월4주 | CW49: 3월5주 | CX49: 대비 | CY49: 대비 | DC49: 4월1주 | DD49: 3월5주 | DE49: 4월1주 | DF49: 대비 | DG49: 대비 | DK49: 4월2주 | DL49: 4월1주 | DM49: 4월2주 | DN49: 대비 | DO49: 대비 | DS49: 4월3주 | DT49: 4월2주 | DU49: 4월3주 | DV49: 대비 | DW49: 대비 | EA49: 4월4주 | EB49: 4월3주 | EC49: 4월4주 | ED49: 대비 | EE49: 대비 | EI49: 5월1주 | EJ49: 4월4주 | EK49: 5월1주 | EL49: 대비 | EM49: 대비 | EQ49: 5월2주 | ER49: 5월1주 | ES49: 5월2주 | ET49: 대비 | EU49: 대비 | EY49: 5월3주 | EZ49: 5월2주 | FA49: 5월3주 | FB49: 대비 | FC49: 대비 | FG49: 5월3주 | FH49: 5월2주 | FI49: 5월3주 | FJ49: 대비 | FK49: 대비 | FO49: 6월1주 | FP49: 5월4주 | FQ49: 6월1주 | FR49: 대비 | FS49: 대비 | FW49: 6월2주 | FX49: 6월1주 | FY49: 6월2주 | FZ49: 대비 | GA49: 대비 | GE49: 6월3주 | GF49: 6월2주 | GG49: 6월3주 | GH49: 대비 | GI49: 대비 | GM49: 6월4주 | GN49: 6월3주 | GO49: 6월4주 | GP49: 대비 | GQ49: 대비 | GU49: 7월1주 | GV49: 6월4주 | GW49: 7월1주 | GX49: 대비 | GY49: 대비 | HC49: 7월2주 | HD49: 7월1주 | HE49: 7월2주 | HF49: 대비 | HG49: 대비 | HK49: 7월3주 | HL49: 7월2주 | HM49: 7월3주 | HN49: 대비 | HO49: 대비 | HS49: 7월3주 | HT49: 7월2주 | HU49: 7월3주 | HV49: 대비 | HW49: 대비 | IA49: 7월5주 | IB49: 7월4주 | IC49: 7월5주 | ID49: 대비 | IE49: 대비 | II49: 8월1주 | IJ49: 7월5주 | IK49: 8월1주 | IL49: 대비 | IM49: 대비 | IQ49: 8월2주 | IR49: 8월1주 | IS49: 8월2주 | IT49: 대비 | IU49: 대비 | IY49: 8월3주 | IZ49: 8월2주 | JA49: 8월3주 | JB49: 대비 | JC49: 대비 | JG49: 8월4주 | JH49: 8월3주 | JI49: 8월4주 | JJ49: 대비 | JK49: 대비 | JO49: 9월1주 | JP49: 8월4주 | JQ49: 9월1주 | JR49: 대비 | JS49: 대비 | JW49: 9월2주 | JX49: 9월1주 | JY49: 9월2주 | JZ49: 대비 | KA49: 대비 | KE49: 9월3주 | KF49: 9월2주 | KG49: 9월3주 | KH49: 대비 | KI49: 대비 | KM49: 9월4주 | KN49: 9월3주 | KO49: 9월4주 | KP49: 대비 | KQ49: 대비 | KU49: 9월5주 | KV49: 9월4주 | KW49: 9월5주 | KX49: 대비 | KY49: 대비 | LC49: 10월1주 | LD49: 9월5주 | LE49: 10월1주 | LF49: 대비 | LG49: 대비 | LK49: 10월2주 | LL49: 10월1주 | LM49: 10월2주 | LN49: 대비 | LO49: 대비 | LS49: 10월2주 | LT49: 10월1주 | LU49: 10월2주 | LV49: 대비 | LW49: 대비 | MA49: 10월4주 | MB49: 10월3주 | MC49: 10월4주 | MD49: 대비 | ME49: 대비 | MI49: 11월1주 | MJ49: 10월4주 | MK49: 11월1주 | ML49: 대비 | MM49: 대비 | MQ49: 11월2주 | MR49: 11월1주 | MS49: 11월2주 | MT49: 대비 | MU49: 대비 | MY49: 11월3주 | MZ49: 11월2주 | NA49: 11월3주 | NB49: 대비 | NC49: 대비 | NG49: 11월4주 | NH49: 11월3주 | NI49: 11월4주 | NJ49: 대비 | NK49: 대비 | NO49: 12월1주 | NP49: 11월4주 | NQ49: 12월1주 | NR49: 대비 | NS49: 대비 | NW49: 12월2주 | NX49: 12월1주 | NY49: 12월2주 | NZ49: 대비 | OA49: 대비 | OE49: 12월3주 | OF49: 12월2주 | OG49: 12월3주 | OH49: 대비 | OI49: 대비 | OM49: 12월4주 | ON49: 12월3주 | OO49: 12월4주 | OP49: 대비 | OQ49: 대비 | OU49: 12월5주 | OV49: 12월4주 | OW49: 12월5주 | OX49: 대비 | OY49: 대비
A50: 수급 | B50: 도축(천두) | C50: 50 | D50: 41 | E50: 26 | F50: =(E50-D50)/D50 -> -0.36585366 | G50: =(E50-C50)/C50 -> -0.48 | I50: 수급 | J50: 도축(천두) | K50: 119 | L50: 26 | M50: 68 | N50: =(M50-L50)/L50 -> 1.6153846 | O50: =(M50-K50)/K50 -> -0.42857143 | Q50: 수급 | R50: 도축(천두) | S50: 138 | T50: 68 | U50: 87 | V50: =(U50-T50)/T50 -> 0.27941176 | W50: =(U50-S50)/S50 -> -0.36956522 | Y50: 수급 | Z50: 도축(천두) | AA50: 148 | AB50: 87 | AC50: 92 | AD50: =(AC50-AB50)/AB50 -> 0.057471264 | AE50: =(AC50-AA50)/AA50 -> -0.37837838 | AG50: 수급 | AH50: 도축(천두) | AI50: 124 | AJ50: 92 | AK50: 107 | AL50: =(AK50-AJ50)/AJ50 -> 0.16304348 | AM50: =(AK50-AI50)/AI50 -> -0.13709677 | AO50: 수급 | AP50: 도축(천두) | AQ50: 140 | AR50: 78 | AS50: 97 | AT50: =(AS50-AR50)/AR50 -> 0.24358974 | AU50: =(AS50-AQ50)/AQ50 -> -0.30714286 | AW50: 수급 | AX50: 도축(천두) | AY50: 135 | AZ50: 97 | BA50: 97 | BB50: =(BA50-AZ50)/AZ50 -> 0 | BC50: =(BA50-AY50)/AY50 -> -0.28148148 | BE50: 수급 | BF50: 도축(천두) | BG50: 132 | BH50: 97 | BI50: 99 | BJ50: =(BI50-BH50)/BH50 -> 0.020618557 | BK50: =(BI50-BG50)/BG50 -> -0.25 | BM50: 수급 | BN50: 도축(천두) | BO50: 119 | BP50: 99 | BQ50: 101 | BR50: =(BQ50-BP50)/BP50 -> 0.02020202 | BS50: =(BQ50-BO50)/BO50 -> -0.1512605 | BU50: 수급 | BV50: 도축(천두) | BW50: 116 | BX50: 101 | BY50: 101 | BZ50: =(BY50-BX50)/BX50 -> 0 | CA50: =(BY50-BW50)/BW50 -> -0.12931034 | CC50: 수급 | CD50: 도축(천두) | CE50: 110 | CF50: 101 | CG50: 97 | CH50: =(CG50-CF50)/CF50 -> -0.03960396 | CI50: =(CG50-CE50)/CE50 -> -0.11818182 | CK50: 수급 | CL50: 도축(천두) | CM50: 121 | CN50: 97 | CO50: 99 | CP50: =(CO50-CN50)/CN50 -> 0.020618557 | CQ50: =(CO50-CM50)/CM50 -> -0.18181818 | CS50: 수급 | CT50: 도축(천두) | CU50: 141 | CV50: 99 | CW50: 96 | CX50: =(CW50-CV50)/CV50 -> -0.03030303 | CY50: =(CW50-CU50)/CU50 -> -0.31914894 | DA50: 수급 | DB50: 도축(천두) | DC50: 141 | DD50: 96 | DE50: 72 | DF50: =(DE50-DD50)/DD50 -> -0.25 | DG50: =(DE50-DC50)/DC50 -> -0.4893617 | DI50: 수급 | DJ50: 도축(천두) | DK50: 106 | DL50: 72 | DM50: 76 | DN50: =(DM50-DL50)/DL50 -> 0.055555556 | DO50: =(DM50-DK50)/DK50 -> -0.28301887 | DQ50: 수급 | DR50: 도축(천두) | DS50: 110 | DT50: 76 | DU50: 97 | DV50: =(DU50-DT50)/DT50 -> 0.27631579 | DW50: =(DU50-DS50)/DS50 -> -0.11818182 | DY50: 수급 | DZ50: 도축(천두) | EA50: 129 | EB50: 97 | EC50: 104 | ED50: =(EC50-EB50)/EB50 -> 0.072164948 | EE50: =(EC50-EA50)/EA50 -> -0.19379845 | EG50: 수급 | EH50: 도축(천두) | EI50: 135 | EJ50: 104 | EK50: 96 | EL50: =(EK50-EJ50)/EJ50 -> -0.076923077 | EM50: =(EK50-EI50)/EI50 -> -0.28888889 | EO50: 수급 | EP50: 도축(천두) | EQ50: 126 | ER50: 96 | ES50: 95 | ET50: =(ES50-ER50)/ER50 -> -0.010416667 | EU50: =(ES50-EQ50)/EQ50 -> -0.24603175 | EW50: 수급 | EX50: 도축(천두) | EY50: 123 | EZ50: 95 | FA50: 107 | FB50: =(FA50-EZ50)/EZ50 -> 0.12631579 | FC50: =(FA50-EY50)/EY50 -> -0.1300813 | FE50: 수급 | FF50: 도축(천두) | FG50: 125 | FH50: 107 | FI50: 106 | FJ50: =(FI50-FH50)/FH50 -> -0.0093457944 | FK50: =(FI50-FG50)/FG50 -> -0.152 | FM50: 수급 | FN50: 도축(천두) | FO50: 129 | FP50: 106 | FQ50: - | FR50: =(FQ50-FP50)/FP50 -> #VALUE! | FS50: =(FQ50-FO50)/FO50 -> #VALUE! | FU50: 수급 | FV50: 도축(천두) | FW50: 120 | FX50: - | FY50: 89 | FZ50: =(FY50-FX50)/FX50 -> #VALUE! | GA50: =(FY50-FW50)/FW50 -> -0.25833333 | GC50: 수급 | GD50: 도축(천두) | GE50: 120 | GF50: 89 | GG50: 100 | GH50: =(GG50-GF50)/GF50 -> 0.12359551 | GI50: =(GG50-GE50)/GE50 -> -0.16666667 | GK50: 수급 | GL50: 도축(천두) | GM50: 123 | GN50: 100 | GO50: 97 | GP50: =(GO50-GN50)/GN50 -> -0.03 | GQ50: =(GO50-GM50)/GM50 -> -0.21138211 | GS50: 수급 | GT50: 도축(천두) | GU50: 121 | GV50: 97 | GW50: 108 | GX50: =(GW50-GV50)/GV50 -> 0.11340206 | GY50: =(GW50-GU50)/GU50 -> -0.10743802 | HA50: 수급 | HB50: 도축(천두) | HC50: 126 | HD50: 108 | HE50: 97 | HF50: =(HE50-HD50)/HD50 -> -0.10185185 | HG50: =(HE50-HC50)/HC50 -> -0.23015873 | HI50: 수급 | HJ50: 도축(천두) | HK50: 122 | HL50: 97 | HM50: 102 | HN50: =(HM50-HL50)/HL50 -> 0.051546392 | HO50: =(HM50-HK50)/HK50 -> -0.16393443 | HQ50: 수급 | HR50: 도축(천두) | HS50: 117 | HT50: 102 | HU50: 97 | HV50: =(HU50-HT50)/HT50 -> -0.049019608 | HW50: =(HU50-HS50)/HS50 -> -0.17094017 | HY50: 수급 | HZ50: 도축(천두) | IA50: 111 | IB50: 97 | IC50: 100 | ID50: =(IC50-IB50)/IB50 -> 0.030927835 | IE50: =(IC50-IA50)/IA50 -> -0.099099099 | IG50: 수급 | IH50: 도축(천두) | II50: 115 | IJ50: 100 | IK50: 98 | IL50: =(IK50-IJ50)/IJ50 -> -0.02 | IM50: =(IK50-II50)/II50 -> -0.14782609 | IO50: 수급 | IP50: 도축(천두) | IQ50: 117 | IR50: 98 | IS50: 95 | IT50: =(IS50-IR50)/IR50 -> -0.030612245 | IU50: =(IS50-IQ50)/IQ50 -> -0.18803419 | IW50: 수급 | IX50: 도축(천두) | IY50: 97 | IZ50: 95 | JA50: 94 | JB50: =(JA50-IZ50)/IZ50 -> -0.010526316 | JC50: =(JA50-IY50)/IY50 -> -0.030927835 | JE50: 수급 | JF50: 도축(천두) | JG50: 101 | JH50: 94 | JI50: 102 | JJ50: =(JI50-JH50)/JH50 -> 0.085106383 | JK50: =(JI50-JG50)/JG50 -> 0.0099009901 | JM50: 수급 | JN50: 도축(천두) | JO50: 101 | JP50: 102 | JQ50: 98 | JR50: =(JQ50-JP50)/JP50 -> -0.039215686 | JS50: =(JQ50-JO50)/JO50 -> -0.02970297 | JU50: 수급 | JV50: 도축(천두) | JW50: 105 | JX50: 98 | JY50: 101 | JZ50: =(JY50-JX50)/JX50 -> 0.030612245 | KA50: =(JY50-JW50)/JW50 -> -0.038095238 | KC50: 수급 | KD50: 도축(천두) | KE50: 111 | KF50: 101 | KG50: 93 | KH50: =(KG50-KF50)/KF50 -> -0.079207921 | KI50: =(KG50-KE50)/KE50 -> -0.16216216 | KK50: 수급 | KL50: 도축(천두) | KM50: 100 | KN50: 93 | KO50: 104 | KP50: =(KO50-KN50)/KN50 -> 0.11827957 | KQ50: =(KO50-KM50)/KM50 -> 0.04 | KS50: 수급 | KT50: 도축(천두) | KU50: 108 | KV50: 104 | KW50: 97 | KX50: =(KW50-KV50)/KV50 -> -0.067307692 | KY50: =(KW50-KU50)/KU50 -> -0.10185185 | LA50: 수급 | LB50: 도축(천두) | LC50: 103 | LD50: 97 | LE50: 96 | LF50: =(LE50-LD50)/LD50 -> -0.010309278 | LG50: =(LE50-LC50)/LC50 -> -0.067961165 | LI50: 수급 | LJ50: 도축(천두) | LK50: 88 | LL50: 96 | LM50: 91 | LN50: =(LM50-LL50)/LL50 -> -0.052083333 | LO50: =(LM50-LK50)/LK50 -> 0.034090909 | LQ50: 수급 | LR50: 도축(천두) | LS50: 108 | LT50: 91 | LU50: 98 | LV50: =(LU50-LT50)/LT50 -> 0.076923077 | LW50: =(LU50-LS50)/LS50 -> -0.092592593 | LY50: 수급 | LZ50: 도축(천두) | MA50: 109 | MB50: 98 | MC50: 103 | MD50: =(MC50-MB50)/MB50 -> 0.051020408 | ME50: =(MC50-MA50)/MA50 -> -0.055045872 | MG50: 수급 | MH50: 도축(천두) | MI50: 119 | MJ50: 103 | MK50: 100 | ML50: =(MK50-MJ50)/MJ50 -> -0.029126214 | MM50: =(MK50-MI50)/MI50 -> -0.15966387 | MO50: 수급 | MP50: 도축(천두) | MQ50: 104 | MR50: 100 | MS50: 97 | MT50: =(MS50-MR50)/MR50 -> -0.03 | MU50: =(MS50-MQ50)/MQ50 -> -0.067307692 | MW50: 수급 | MX50: 도축(천두) | MY50: 113 | MZ50: 97 | NA50: 93 | NB50: =(NA50-MZ50)/MZ50 -> -0.041237113 | NC50: =(NA50-MY50)/MY50 -> -0.17699115 | NE50: 수급 | NF50: 도축(천두) | NG50: 107 | NH50: 93 | NI50: 95 | NJ50: =(NI50-NH50)/NH50 -> 0.021505376 | NK50: =(NI50-NG50)/NG50 -> -0.11214953 | NM50: 수급 | NN50: 도축(천두) | NO50: 113 | NP50: 95 | NQ50: 96 | NR50: =(NQ50-NP50)/NP50 -> 0.010526316 | NS50: =(NQ50-NO50)/NO50 -> -0.15044248 | NU50: 수급 | NV50: 도축(천두) | NW50: 118 | NX50: 96 | NY50: 90 | NZ50: =(NY50-NX50)/NX50 -> -0.0625 | OA50: =(NY50-NW50)/NW50 -> -0.23728814 | OC50: 수급 | OD50: 도축(천두) | OE50: 115 | OF50: 90 | OG50: 93 | OH50: =(OG50-OF50)/OF50 -> 0.033333333 | OI50: =(OG50-OE50)/OE50 -> -0.19130435 | OK50: 수급 | OL50: 도축(천두) | OM50: 107 | ON50: 93 | OO50: - | OP50: =(OO50-ON50)/ON50 -> #VALUE! | OQ50: =(OO50-OM50)/OM50 -> #VALUE! | OS50: 수급 | OT50: 도축(천두) | OU50: - | OV50: - | OW50: - | OX50: =(OW50-OV50)/OV50 -> #VALUE! | OY50: =(OW50-OU50)/OU50 -> #VALUE!
B51: 수출(천톤) | F51: =(E51-D51)/D51 -> #DIV/0! | G51: =(E51-C51)/C51 -> #DIV/0! | J51: 수출(천톤) | N51: =(M51-L51)/L51 -> #DIV/0! | O51: =(M51-K51)/K51 -> #DIV/0! | R51: 수출(천톤) | V51: =(U51-T51)/T51 -> #DIV/0! | W51: =(U51-S51)/S51 -> #DIV/0! | Z51: 수출(천톤) | AD51: =(AC51-AB51)/AB51 -> #DIV/0! | AE51: =(AC51-AA51)/AA51 -> #DIV/0! | AH51: 수출(천톤) | AL51: =(AK51-AJ51)/AJ51 -> #DIV/0! | AM51: =(AK51-AI51)/AI51 -> #DIV/0! | AP51: 수출(천톤) | AT51: =(AS51-AR51)/AR51 -> #DIV/0! | AU51: =(AS51-AQ51)/AQ51 -> #DIV/0! | AX51: 수출(천톤) | BB51: =(BA51-AZ51)/AZ51 -> #DIV/0! | BC51: =(BA51-AY51)/AY51 -> #DIV/0! | BF51: 수출(천톤) | BJ51: =(BI51-BH51)/BH51 -> #DIV/0! | BK51: =(BI51-BG51)/BG51 -> #DIV/0! | BN51: 수출(천톤) | BR51: =(BQ51-BP51)/BP51 -> #DIV/0! | BS51: =(BQ51-BO51)/BO51 -> #DIV/0! | BV51: 수출(천톤) | BZ51: =(BY51-BX51)/BX51 -> #DIV/0! | CA51: =(BY51-BW51)/BW51 -> #DIV/0! | CD51: 수출(천톤) | CH51: =(CG51-CF51)/CF51 -> #DIV/0! | CI51: =(CG51-CE51)/CE51 -> #DIV/0! | CL51: 수출(천톤) | CP51: =(CO51-CN51)/CN51 -> #DIV/0! | CQ51: =(CO51-CM51)/CM51 -> #DIV/0! | CT51: 수출(천톤) | CX51: =(CW51-CV51)/CV51 -> #DIV/0! | CY51: =(CW51-CU51)/CU51 -> #DIV/0! | DB51: 수출(천톤) | DF51: =(DE51-DD51)/DD51 -> #DIV/0! | DG51: =(DE51-DC51)/DC51 -> #DIV/0! | DJ51: 수출(천톤) | DN51: =(DM51-DL51)/DL51 -> #DIV/0! | DO51: =(DM51-DK51)/DK51 -> #DIV/0! | DR51: 수출(천톤) | DV51: =(DU51-DT51)/DT51 -> #DIV/0! | DW51: =(DU51-DS51)/DS51 -> #DIV/0! | DZ51: 수출(천톤) | ED51: =(EC51-EB51)/EB51 -> #DIV/0! | EE51: =(EC51-EA51)/EA51 -> #DIV/0! | EH51: 수출(천톤) | EL51: =(EK51-EJ51)/EJ51 -> #DIV/0! | EM51: =(EK51-EI51)/EI51 -> #DIV/0! | EP51: 수출(천톤) | ET51: =(ES51-ER51)/ER51 -> #DIV/0! | EU51: =(ES51-EQ51)/EQ51 -> #DIV/0! | EX51: 수출(천톤) | FB51: =(FA51-EZ51)/EZ51 -> #DIV/0! | FC51: =(FA51-EY51)/EY51 -> #DIV/0! | FF51: 수출(천톤) | FJ51: =(FI51-FH51)/FH51 -> #DIV/0! | FK51: =(FI51-FG51)/FG51 -> #DIV/0! | FN51: 수출(천톤) | FR51: =(FQ51-FP51)/FP51 -> #DIV/0! | FS51: =(FQ51-FO51)/FO51 -> #DIV/0! | FV51: 수출(천톤) | FZ51: =(FY51-FX51)/FX51 -> #DIV/0! | GA51: =(FY51-FW51)/FW51 -> #DIV/0! | GD51: 수출(천톤) | GH51: =(GG51-GF51)/GF51 -> #DIV/0! | GI51: =(GG51-GE51)/GE51 -> #DIV/0! | GL51: 수출(천톤) | GP51: =(GO51-GN51)/GN51 -> #DIV/0! | GQ51: =(GO51-GM51)/GM51 -> #DIV/0! | GT51: 수출(천톤) | GX51: =(GW51-GV51)/GV51 -> #DIV/0! | GY51: =(GW51-GU51)/GU51 -> #DIV/0! | HB51: 수출(천톤) | HF51: =(HE51-HD51)/HD51 -> #DIV/0! | HG51: =(HE51-HC51)/HC51 -> #DIV/0! | HJ51: 수출(천톤) | HN51: =(HM51-HL51)/HL51 -> #DIV/0! | HO51: =(HM51-HK51)/HK51 -> #DIV/0! | HR51: 수출(천톤) | HV51: =(HU51-HT51)/HT51 -> #DIV/0! | HW51: =(HU51-HS51)/HS51 -> #DIV/0! | HZ51: 수출(천톤) | ID51: =(IC51-IB51)/IB51 -> #DIV/0! | IE51: =(IC51-IA51)/IA51 -> #DIV/0! | IH51: 수출(천톤) | IL51: =(IK51-IJ51)/IJ51 -> #DIV/0! | IM51: =(IK51-II51)/II51 -> #DIV/0! | IP51: 수출(천톤) | IT51: =(IS51-IR51)/IR51 -> #DIV/0! | IU51: =(IS51-IQ51)/IQ51 -> #DIV/0! | IX51: 수출(천톤) | JB51: =(JA51-IZ51)/IZ51 -> #DIV/0! | JC51: =(JA51-IY51)/IY51 -> #DIV/0! | JF51: 수출(천톤) | JJ51: =(JI51-JH51)/JH51 -> #DIV/0! | JK51: =(JI51-JG51)/JG51 -> #DIV/0! | JN51: 수출(천톤) | JR51: =(JQ51-JP51)/JP51 -> #DIV/0! | JS51: =(JQ51-JO51)/JO51 -> #DIV/0! | JV51: 수출(천톤) | JZ51: =(JY51-JX51)/JX51 -> #DIV/0! | KA51: =(JY51-JW51)/JW51 -> #DIV/0! | KD51: 수출(천톤) | KH51: =(KG51-KF51)/KF51 -> #DIV/0! | KI51: =(KG51-KE51)/KE51 -> #DIV/0! | KL51: 수출(천톤) | KP51: =(KO51-KN51)/KN51 -> #DIV/0! | KQ51: =(KO51-KM51)/KM51 -> #DIV/0! | KT51: 수출(천톤) | KX51: =(KW51-KV51)/KV51 -> #DIV/0! | KY51: =(KW51-KU51)/KU51 -> #DIV/0! | LB51: 수출(천톤) | LF51: =(LE51-LD51)/LD51 -> #DIV/0! | LG51: =(LE51-LC51)/LC51 -> #DIV/0! | LJ51: 수출(천톤) | LN51: =(LM51-LL51)/LL51 -> #DIV/0! | LO51: =(LM51-LK51)/LK51 -> #DIV/0! | LR51: 수출(천톤) | LV51: =(LU51-LT51)/LT51 -> #DIV/0! | LW51: =(LU51-LS51)/LS51 -> #DIV/0! | LZ51: 수출(천톤) | MD51: =(MC51-MB51)/MB51 -> #DIV/0! | ME51: =(MC51-MA51)/MA51 -> #DIV/0! | MH51: 수출(천톤) | ML51: =(MK51-MJ51)/MJ51 -> #DIV/0! | MM51: =(MK51-MI51)/MI51 -> #DIV/0! | MP51: 수출(천톤) | MT51: =(MS51-MR51)/MR51 -> #DIV/0! | MU51: =(MS51-MQ51)/MQ51 -> #DIV/0! | MX51: 수출(천톤) | NB51: =(NA51-MZ51)/MZ51 -> #DIV/0! | NC51: =(NA51-MY51)/MY51 -> #DIV/0! | NF51: 수출(천톤) | NJ51: =(NI51-NH51)/NH51 -> #DIV/0! | NK51: =(NI51-NG51)/NG51 -> #DIV/0! | NN51: 수출(천톤) | NR51: =(NQ51-NP51)/NP51 -> #DIV/0! | NS51: =(NQ51-NO51)/NO51 -> #DIV/0! | NV51: 수출(천톤) | NZ51: =(NY51-NX51)/NX51 -> #DIV/0! | OA51: =(NY51-NW51)/NW51 -> #DIV/0! | OD51: 수출(천톤) | OH51: =(OG51-OF51)/OF51 -> #DIV/0! | OI51: =(OG51-OE51)/OE51 -> #DIV/0! | OL51: 수출(천톤) | OP51: =(OO51-ON51)/ON51 -> #DIV/0! | OQ51: =(OO51-OM51)/OM51 -> #DIV/0! | OT51: 수출(천톤) | OX51: =(OW51-OV51)/OV51 -> #DIV/0! | OY51: =(OW51-OU51)/OU51 -> #DIV/0!
A52: 가격 | B52: 지육(A$/kg) | C52: - | D52: - | E52: - | F52: =(E52-D52)/D52 -> #VALUE! | G52: =(E52-C52)/C52 -> #VALUE! | I52: 가격 | J52: 지육(A$/kg) | K52: - | L52: - | M52: 8.42 | N52: =(M52-L52)/L52 -> #VALUE! | O52: =(M52-K52)/K52 -> #VALUE! | Q52: 가격 | R52: 지육(A$/kg) | S52: 5.16 | T52: 8.42 | U52: 8.72 | V52: =(U52-T52)/T52 -> 0.035629454 | W52: =(U52-S52)/S52 -> 0.68992248 | Y52: 가격 | Z52: 지육(A$/kg) | AA52: 5.48 | AB52: 8.72 | AC52: 8.88 | AD52: =(AC52-AB52)/AB52 -> 0.018348624 | AE52: =(AC52-AA52)/AA52 -> 0.62043796 | AG52: 가격 | AH52: 지육(A$/kg) | AI52: 6.23 | AJ52: 8.88 | AK52: - | AL52: =(AK52-AJ52)/AJ52 -> #VALUE! | AM52: =(AK52-AI52)/AI52 -> #VALUE! | AO52: 가격 | AP52: 지육(A$/kg) | AQ52: 6.62 | AR52: 8.82 | AS52: 8.73 | AT52: =(AS52-AR52)/AR52 -> -0.010204082 | AU52: =(AS52-AQ52)/AQ52 -> 0.31873112 | AW52: 가격 | AX52: 지육(A$/kg) | AY52: 7.02 | AZ52: 8.73 | BA52: 8.66 | BB52: =(BA52-AZ52)/AZ52 -> -0.0080183276 | BC52: =(BA52-AY52)/AY52 -> 0.23361823 | BE52: 가격 | BF52: 지육(A$/kg) | BG52: 7.18 | BH52: 8.66 | BI52: 8.57 | BJ52: =(BI52-BH52)/BH52 -> -0.01039261 | BK52: =(BI52-BG52)/BG52 -> 0.19359331 | BM52: 가격 | BN52: 지육(A$/kg) | BO52: 7.44 | BP52: 8.57 | BQ52: 8.58 | BR52: =(BQ52-BP52)/BP52 -> 0.0011668611 | BS52: =(BQ52-BO52)/BO52 -> 0.15322581 | BU52: 가격 | BV52: 지육(A$/kg) | BW52: 7.66 | BX52: 8.58 | BY52: 8.63 | BZ52: =(BY52-BX52)/BX52 -> 0.0058275058 | CA52: =(BY52-BW52)/BW52 -> 0.12663185 | CC52: 가격 | CD52: 지육(A$/kg) | CE52: 7.42 | CF52: 8.63 | CG52: 8.56 | CH52: =(CG52-CF52)/CF52 -> -0.0081112399 | CI52: =(CG52-CE52)/CE52 -> 0.15363881 | CK52: 가격 | CL52: 지육(A$/kg) | CM52: 7.02 | CN52: 8.56 | CO52: 8.88 | CP52: =(CO52-CN52)/CN52 -> 0.037383178 | CQ52: =(CO52-CM52)/CM52 -> 0.26495726 | CS52: 가격 | CT52: 지육(A$/kg) | CU52: 7.02 | CV52: 8.88 | CW52: - | CX52: =(CW52-CV52)/CV52 -> #VALUE! | CY52: =(CW52-CU52)/CU52 -> #VALUE! | DA52: 가격 | DB52: 지육(A$/kg) | DC52: 7.13 | DD52: - | DE52: 8.77 | DF52: =(DE52-DD52)/DD52 -> #VALUE! | DG52: =(DE52-DC52)/DC52 -> 0.23001403 | DI52: 가격 | DJ52: 지육(A$/kg) | DK52: 7.23 | DL52: 8.77 | DM52: - | DN52: =(DM52-DL52)/DL52 -> #VALUE! | DO52: =(DM52-DK52)/DK52 -> #VALUE! | DQ52: 가격 | DR52: 지육(A$/kg) | DS52: 7.04 | DT52: - | DU52: 9.06 | DV52: =(DU52-DT52)/DT52 -> #VALUE! | DW52: =(DU52-DS52)/DS52 -> 0.28693182 | DY52: 가격 | DZ52: 지육(A$/kg) | EA52: 7.07 | EB52: 9.06 | EC52: 8.77 | ED52: =(EC52-EB52)/EB52 -> -0.03200883 | EE52: =(EC52-EA52)/EA52 -> 0.24045262 | EG52: 가격 | EH52: 지육(A$/kg) | EI52: 7.14 | EJ52: 8.77 | EK52: 8.92 | EL52: =(EK52-EJ52)/EJ52 -> 0.017103763 | EM52: =(EK52-EI52)/EI52 -> 0.24929972 | EO52: 가격 | EP52: 지육(A$/kg) | EQ52: 7.27 | ER52: 8.92 | ES52: 9.03 | ET52: =(ES52-ER52)/ER52 -> 0.012331839 | EU52: =(ES52-EQ52)/EQ52 -> 0.24209078 | EW52: 가격 | EX52: 지육(A$/kg) | EY52: 7.38 | EZ52: 9.03 | FA52: 8.87 | FB52: =(FA52-EZ52)/EZ52 -> -0.017718715 | FC52: =(FA52-EY52)/EY52 -> 0.20189702 | FE52: 가격 | FF52: 지육(A$/kg) | FG52: 7.58 | FH52: 8.87 | FI52: 8.91 | FJ52: =(FI52-FH52)/FH52 -> 0.0045095829 | FK52: =(FI52-FG52)/FG52 -> 0.17546174 | FM52: 가격 | FN52: 지육(A$/kg) | FO52: 7.44 | FP52: 8.91 | FQ52: 8.93 | FR52: =(FQ52-FP52)/FP52 -> 0.0022446689 | FS52: =(FQ52-FO52)/FO52 -> 0.20026882 | FU52: 가격 | FV52: 지육(A$/kg) | FW52: 7.57 | FX52: 8.93 | FY52: 9.13 | FZ52: =(FY52-FX52)/FX52 -> 0.022396417 | GA52: =(FY52-FW52)/FW52 -> 0.20607662 | GC52: 가격 | GD52: 지육(A$/kg) | GE52: 7.7 | GF52: 9.13 | GG52: 9.13 | GH52: =(GG52-GF52)/GF52 -> 0 | GI52: =(GG52-GE52)/GE52 -> 0.18571429 | GK52: 가격 | GL52: 지육(A$/kg) | GM52: 7.54 | GN52: 9.13 | GO52: - | GP52: =(GO52-GN52)/GN52 -> #VALUE! | GQ52: =(GO52-GM52)/GM52 -> #VALUE! | GS52: 가격 | GT52: 지육(A$/kg) | GU52: 7.64 | GV52: 9.3 | GW52: 9.42 | GX52: =(GW52-GV52)/GV52 -> 0.012903226 | GY52: =(GW52-GU52)/GU52 -> 0.23298429 | HA52: 가격 | HB52: 지육(A$/kg) | HC52: 7.51 | HD52: 9.42 | HE52: 9.54 | HF52: =(HE52-HD52)/HD52 -> 0.012738854 | HG52: =(HE52-HC52)/HC52 -> 0.27030626 | HI52: 가격 | HJ52: 지육(A$/kg) | HK52: 7.43 | HL52: 9.54 | HM52: 9.84 | HN52: =(HM52-HL52)/HL52 -> 0.031446541 | HO52: =(HM52-HK52)/HK52 -> 0.3243607 | HQ52: 가격 | HR52: 지육(A$/kg) | HS52: 7.53 | HT52: 9.84 | HU52: 10.03 | HV52: =(HU52-HT52)/HT52 -> 0.019308943 | HW52: =(HU52-HS52)/HS52 -> 0.33200531 | HY52: 가격 | HZ52: 지육(A$/kg) | IA52: 7.52 | IB52: 10.03 | IC52: 9.85 | ID52: =(IC52-IB52)/IB52 -> -0.017946162 | IE52: =(IC52-IA52)/IA52 -> 0.30984043 | IG52: 가격 | IH52: 지육(A$/kg) | II52: 7.61 | IJ52: 9.85 | IK52: 9.97 | IL52: =(IK52-IJ52)/IJ52 -> 0.012182741 | IM52: =(IK52-II52)/II52 -> 0.31011827 | IO52: 가격 | IP52: 지육(A$/kg) | IQ52: 7.63 | IR52: 9.97 | IS52: 10.03 | IT52: =(IS52-IR52)/IR52 -> 0.0060180542 | IU52: =(IS52-IQ52)/IQ52 -> 0.31454784 | IW52: 가격 | IX52: 지육(A$/kg) | IY52: 7.78 | IZ52: 10.03 | JA52: 10.04 | JB52: =(JA52-IZ52)/IZ52 -> 0.00099700897 | JC52: =(JA52-IY52)/IY52 -> 0.29048843 | JE52: 가격 | JF52: 지육(A$/kg) | JG52: 7.86 | JH52: 10.04 | JI52: 10.28 | JJ52: =(JI52-JH52)/JH52 -> 0.023904382 | JK52: =(JI52-JG52)/JG52 -> 0.30788804 | JM52: 가격 | JN52: 지육(A$/kg) | JO52: 7.78 | JP52: 10.28 | JQ52: 9.97 | JR52: =(JQ52-JP52)/JP52 -> -0.030155642 | JS52: =(JQ52-JO52)/JO52 -> 0.281491 | JU52: 가격 | JV52: 지육(A$/kg) | JW52: 7.62 | JX52: 9.97 | JY52: 10.19 | JZ52: =(JY52-JX52)/JX52 -> 0.022066199 | KA52: =(JY52-JW52)/JW52 -> 0.33727034 | KC52: 가격 | KD52: 지육(A$/kg) | KE52: 7.64 | KF52: 10.19 | KG52: 10.29 | KH52: =(KG52-KF52)/KF52 -> 0.0098135427 | KI52: =(KG52-KE52)/KE52 -> 0.34685864 | KK52: 가격 | KL52: 지육(A$/kg) | KM52: 7.74 | KN52: 10.29 | KO52: 10.32 | KP52: =(KO52-KN52)/KN52 -> 0.0029154519 | KQ52: =(KO52-KM52)/KM52 -> 0.33333333 | KS52: 가격 | KT52: 지육(A$/kg) | KU52: 7.76 | KV52: 10.32 | KW52: 10.42 | KX52: =(KW52-KV52)/KV52 -> 0.0096899225 | KY52: =(KW52-KU52)/KU52 -> 0.34278351 | LA52: 가격 | LB52: 지육(A$/kg) | LC52: 7.93 | LD52: 10.42 | LE52: 10.43 | LF52: =(LE52-LD52)/LD52 -> 0.0009596929 | LG52: =(LE52-LC52)/LC52 -> 0.31525851 | LI52: 가격 | LJ52: 지육(A$/kg) | LK52: 7.89 | LL52: 10.43 | LM52: 10.38 | LN52: =(LM52-LL52)/LL52 -> -0.0047938639 | LO52: =(LM52-LK52)/LK52 -> 0.31558935 | LQ52: 가격 | LR52: 지육(A$/kg) | LS52: 8.01 | LT52: 10.38 | LU52: 10.68 | LV52: =(LU52-LT52)/LT52 -> 0.028901734 | LW52: =(LU52-LS52)/LS52 -> 0.33333333 | LY52: 가격 | LZ52: 지육(A$/kg) | MA52: 8.19 | MB52: 10.68 | MC52: 10.73 | MD52: =(MC52-MB52)/MB52 -> 0.0046816479 | ME52: =(MC52-MA52)/MA52 -> 0.31013431 | MG52: 가격 | MH52: 지육(A$/kg) | MI52: 8.27 | MJ52: 10.73 | MK52: 10.68 | ML52: =(MK52-MJ52)/MJ52 -> -0.0046598322 | MM52: =(MK52-MI52)/MI52 -> 0.29141475 | MO52: 가격 | MP52: 지육(A$/kg) | MQ52: 8.24 | MR52: 10.68 | MS52: 10.67 | MT52: =(MS52-MR52)/MR52 -> -0.00093632959 | MU52: =(MS52-MQ52)/MQ52 -> 0.29490291 | MW52: 가격 | MX52: 지육(A$/kg) | MY52: 8.27 | MZ52: 10.67 | NA52: 10.95 | NB52: =(NA52-MZ52)/MZ52 -> 0.026241799 | NC52: =(NA52-MY52)/MY52 -> 0.32406288 | NE52: 가격 | NF52: 지육(A$/kg) | NG52: 8.05 | NH52: 10.95 | NI52: 11.11 | NJ52: =(NI52-NH52)/NH52 -> 0.014611872 | NK52: =(NI52-NG52)/NG52 -> 0.38012422 | NM52: 가격 | NN52: 지육(A$/kg) | NO52: 7.89 | NP52: 11.11 | NQ52: 11.06 | NR52: =(NQ52-NP52)/NP52 -> -0.00450045 | NS52: =(NQ52-NO52)/NO52 -> 0.4017744 | NU52: 가격 | NV52: 지육(A$/kg) | NW52: 7.92 | NX52: 11.06 | NY52: 11.47 | NZ52: =(NY52-NX52)/NX52 -> 0.037070524 | OA52: =(NY52-NW52)/NW52 -> 0.44823232 | OC52: 가격 | OD52: 지육(A$/kg) | OE52: 8.14 | OF52: 11.47 | OG52: 11.69 | OH52: =(OG52-OF52)/OF52 -> 0.019180471 | OI52: =(OG52-OE52)/OE52 -> 0.43611794 | OK52: 가격 | OL52: 지육(A$/kg) | OM52: - | ON52: 11.69 | OO52: - | OP52: =(OO52-ON52)/ON52 -> #VALUE! | OQ52: =(OO52-OM52)/OM52 -> #VALUE! | OS52: 가격 | OT52: 지육(A$/kg) | OU52: - | OV52: - | OW52: - | OX52: =(OW52-OV52)/OV52 -> #VALUE! | OY52: =(OW52-OU52)/OU52 -> #VALUE!
B53: 지육(원/kg) | C53: - | D53: - | E53: - | F53: =(E53-D53)/D53 -> #VALUE! | G53: =(E53-C53)/C53 -> #VALUE! | J53: 지육(원/kg) | K53: - | L53: - | M53: 7162 | N53: =(M53-L53)/L53 -> #VALUE! | O53: =(M53-K53)/K53 -> #VALUE! | R53: 지육(원/kg) | S53: 4140 | T53: 7162 | U53: 7458 | V53: =(U53-T53)/T53 -> 0.041329238 | W53: =(U53-S53)/S53 -> 0.80144928 | Z53: 지육(원/kg) | AA53: 4399 | AB53: 7458 | AC53: 7553 | AD53: =(AC53-AB53)/AB53 -> 0.012737999 | AE53: =(AC53-AA53)/AA53 -> 0.71698113 | AH53: 지육(원/kg) | AI53: 4975 | AJ53: 7553 | AK53: - | AL53: =(AK53-AJ53)/AJ53 -> #VALUE! | AM53: =(AK53-AI53)/AI53 -> #VALUE! | AP53: 지육(원/kg) | AQ53: 5266 | AR53: 7511 | AS53: 7474 | AT53: =(AS53-AR53)/AR53 -> -0.0049261084 | AU53: =(AS53-AQ53)/AQ53 -> 0.41929358 | AX53: 지육(원/kg) | AY53: 5593 | AZ53: 7474 | BA53: 7451 | BB53: =(BA53-AZ53)/AZ53 -> -0.0030773348 | BC53: =(BA53-AY53)/AY53 -> 0.33220097 | BF53: 지육(원/kg) | BG53: 5723 | BH53: 7451 | BI53: 7602 | BJ53: =(BI53-BH53)/BH53 -> 0.020265736 | BK53: =(BI53-BG53)/BG53 -> 0.32832431 | BN53: 지육(원/kg) | BO53: 5839 | BP53: 7602 | BQ53: 7502 | BR53: =(BQ53-BP53)/BP53 -> -0.013154433 | BS53: =(BQ53-BO53)/BO53 -> 0.28480904 | BV53: 지육(원/kg) | BW53: 5920 | BX53: 7502 | BY53: 7598 | BZ53: =(BY53-BX53)/BX53 -> 0.012796588 | CA53: =(BY53-BW53)/BW53 -> 0.28344595 | CD53: 지육(원/kg) | CE53: 5425 | CF53: 7598 | CG53: 7522 | CH53: =(CG53-CF53)/CF53 -> -0.010002632 | CI53: =(CG53-CE53)/CE53 -> 0.38654378 | CL53: 지육(원/kg) | CM53: 5151 | CN53: 7522 | CO53: 7662 | CP53: =(CO53-CN53)/CN53 -> 0.018612071 | CQ53: =(CO53-CM53)/CM53 -> 0.48747816 | CT53: 지육(원/kg) | CU53: 5248 | CV53: 7662 | CW53: - | CX53: =(CW53-CV53)/CV53 -> #VALUE! | CY53: =(CW53-CU53)/CU53 -> #VALUE! | DB53: 지육(원/kg) | DC53: 5414 | DD53: - | DE53: 7485 | DF53: =(DE53-DD53)/DD53 -> #VALUE! | DG53: =(DE53-DC53)/DC53 -> 0.38252678 | DJ53: 지육(원/kg) | DK53: 5587 | DL53: 7485 | DM53: - | DN53: =(DM53-DL53)/DL53 -> #VALUE! | DO53: =(DM53-DK53)/DK53 -> #VALUE! | DR53: 지육(원/kg) | DS53: 5502 | DT53: - | DU53: 7845 | DV53: =(DU53-DT53)/DT53 -> #VALUE! | DW53: =(DU53-DS53)/DS53 -> 0.42584515 | DZ53: 지육(원/kg) | EA53: 5069 | EB53: 7845 | EC53: 7571 | ED53: =(EC53-EB53)/EB53 -> -0.034926705 | EE53: =(EC53-EA53)/EA53 -> 0.49358848 | EH53: 지육(원/kg) | EI53: 5644 | EJ53: 7571 | EK53: 7764 | EL53: =(EK53-EJ53)/EJ53 -> 0.025492009 | EM53: =(EK53-EI53)/EI53 -> 0.37562013 | EP53: 지육(원/kg) | EQ53: 5733 | ER53: 7764 | ES53: 7878 | ET53: =(ES53-ER53)/ER53 -> 0.014683153 | EU53: =(ES53-EQ53)/EQ53 -> 0.37414966 | EX53: 지육(원/kg) | EY53: 5967 | EZ53: 7878 | FA53: 7780 | FB53: =(FA53-EZ53)/EZ53 -> -0.012439706 | FC53: =(FA53-EY53)/EY53 -> 0.30383777 | FF53: 지육(원/kg) | FG53: 6208 | FH53: 7780 | FI53: 7881 | FJ53: =(FI53-FH53)/FH53 -> 0.012982005 | FK53: =(FI53-FG53)/FG53 -> 0.26949098 | FN53: 지육(원/kg) | FO53: 6257 | FP53: 7881 | FQ53: 7687 | FR53: =(FQ53-FP53)/FP53 -> -0.024616165 | FS53: =(FQ53-FO53)/FO53 -> 0.22854403 | FV53: 지육(원/kg) | FW53: 6283 | FX53: 7687 | FY53: 7887 | FZ53: =(FY53-FX53)/FX53 -> 0.026017952 | GA53: =(FY53-FW53)/FW53 -> 0.25529206 | GD53: 지육(원/kg) | GE53: 6412 | GF53: 7887 | GG53: 7842 | GH53: =(GG53-GF53)/GF53 -> -0.0057055915 | GI53: =(GG53-GE53)/GE53 -> 0.22301934 | GL53: 지육(원/kg) | GM53: 6243 | GN53: 7842 | GO53: - | GP53: =(GO53-GN53)/GN53 -> #VALUE! | GQ53: =(GO53-GM53)/GM53 -> #VALUE! | GT53: 지육(원/kg) | GU53: 6339 | GV53: 7989 | GW53: 7993 | GX53: =(GW53-GV53)/GV53 -> 0.00050068845 | GY53: =(GW53-GU53)/GU53 -> 0.26092444 | HB53: 지육(원/kg) | HC53: 6260 | HD53: 7993 | HE53: 8150 | HF53: =(HE53-HD53)/HD53 -> 0.019642187 | HG53: =(HE53-HC53)/HC53 -> 0.30191693 | HJ53: 지육(원/kg) | HK53: 6244 | HL53: 8150 | HM53: 8432 | HN53: =(HM53-HL53)/HL53 -> 0.034601227 | HO53: =(HM53-HK53)/HK53 -> 0.3504164 | HR53: 지육(원/kg) | HS53: 6429 | HT53: 8432 | HU53: 8487 | HV53: =(HU53-HT53)/HT53 -> 0.0065227704 | HW53: =(HU53-HS53)/HS53 -> 0.32011199 | HZ53: 지육(원/kg) | IA53: 6426 | IB53: 8487 | IC53: 8346 | ID53: =(IC53-IB53)/IB53 -> -0.016613644 | IE53: =(IC53-IA53)/IA53 -> 0.29878618 | IH53: 지육(원/kg) | II53: 6476 | IJ53: 8346 | IK53: 8446 | IL53: =(IK53-IJ53)/IJ53 -> 0.011981788 | IM53: =(IK53-II53)/II53 -> 0.30420012 | IP53: 지육(원/kg) | IQ53: 6482 | IR53: 8446 | IS53: 8586 | IT53: =(IS53-IR53)/IR53 -> 0.016575894 | IU53: =(IS53-IQ53)/IQ53 -> 0.32459118 | IX53: 지육(원/kg) | IY53: 6622 | IZ53: 8586 | JA53: 8462 | JB53: =(JA53-IZ53)/IZ53 -> -0.014442115 | JC53: =(JA53-IY53)/IY53 -> 0.27786167 | JF53: 지육(원/kg) | JG53: 6751 | JH53: 8462 | JI53: 8736 | JJ53: =(JI53-JH53)/JH53 -> 0.032380052 | JK53: =(JI53-JG53)/JG53 -> 0.29403051 | JN53: 지육(원/kg) | JO53: 6758 | JP53: 8736 | JQ53: 8499 | JR53: =(JQ53-JP53)/JP53 -> -0.027129121 | JS53: =(JQ53-JO53)/JO53 -> 0.2576206 | JV53: 지육(원/kg) | JW53: 6575 | JX53: 8499 | JY53: 8784 | JZ53: =(JY53-JX53)/JX53 -> 0.033533357 | KA53: =(JY53-JW53)/JW53 -> 0.33596958 | KD53: 지육(원/kg) | KE53: 6540 | KF53: 8784 | KG53: 8837 | KH53: =(KG53-KF53)/KF53 -> 0.0060336976 | KI53: =(KG53-KE53)/KE53 -> 0.35122324 | KL53: 지육(원/kg) | KM53: 6396 | KN53: 8837 | KO53: 8810 | KP53: =(KO53-KN53)/KN53 -> -0.0030553355 | KQ53: =(KO53-KM53)/KM53 -> 0.37742339 | KT53: 지육(원/kg) | KU53: 6457 | KV53: 8810 | KW53: 8891 | KX53: =(KW53-KV53)/KV53 -> 0.0091940976 | KY53: =(KW53-KU53)/KU53 -> 0.37695524 | LB53: 지육(원/kg) | LC53: 6543 | LD53: 8891 | LE53: 9058 | LF53: =(LE53-LD53)/LD53 -> 0.018783039 | LG53: =(LE53-LC53)/LC53 -> 0.38438025 | LJ53: 지육(원/kg) | LK53: 6413 | LL53: 9058 | LM53: 9129 | LN53: =(LM53-LL53)/LL53 -> 0.0078383749 | LO53: =(LM53-LK53)/LK53 -> 0.42351474 | LR53: 지육(원/kg) | LS53: 6456 | LT53: 9129 | LU53: 9420 | LV53: =(LU53-LT53)/LT53 -> 0.031876438 | LW53: =(LU53-LS53)/LS53 -> 0.45910781 | LZ53: 지육(원/kg) | MA53: 6539 | MB53: 9420 | MC53: 9451 | MD53: =(MC53-MB53)/MB53 -> 0.0032908705 | ME53: =(MC53-MA53)/MA53 -> 0.44532803 | MH53: 지육(원/kg) | MI53: 6725 | MJ53: 9451 | MK53: 9401 | ML53: =(MK53-MJ53)/MJ53 -> -0.0052904455 | MM53: =(MK53-MI53)/MI53 -> 0.39791822 | MP53: 지육(원/kg) | MQ53: 6668 | MR53: 9401 | MS53: 9207 | MT53: =(MS53-MR53)/MR53 -> -0.020636103 | MU53: =(MS53-MQ53)/MQ53 -> 0.38077385 | MX53: 지육(원/kg) | MY53: 6713 | MZ53: 9207 | NA53: 9436 | NB53: =(NA53-MZ53)/MZ53 -> 0.02487238 | NC53: =(NA53-MY53)/MY53 -> 0.40563087 | NF53: 지육(원/kg) | NG53: 6567 | NH53: 9436 | NI53: 9508 | NJ53: =(NI53-NH53)/NH53 -> 0.0076303518 | NK53: =(NI53-NG53)/NG53 -> 0.44784529 | NN53: 지육(원/kg) | NO53: 6399 | NP53: 9508 | NQ53: 9251 | NR53: =(NQ53-NP53)/NP53 -> -0.02702987 | NS53: =(NQ53-NO53)/NO53 -> 0.44569464 | NV53: 지육(원/kg) | NW53: 6455 | NX53: 9251 | NY53: 9658 | NZ53: =(NY53-NX53)/NX53 -> 0.043995244 | OA53: =(NY53-NW53)/NW53 -> 0.49620449 | OD53: 지육(원/kg) | OE53: 6796 | OF53: 9658 | OG53: 9975 | OH53: =(OG53-OF53)/OF53 -> 0.032822531 | OI53: =(OG53-OE53)/OE53 -> 0.46777516 | OL53: 지육(원/kg) | ON53: 9975 | OP53: =(OO53-ON53)/ON53 -> -1 | OQ53: =(OO53-OM53)/OM53 -> #DIV/0! | OT53: 지육(원/kg) | OX53: =(OW53-OV53)/OV53 -> #DIV/0! | OY53: =(OW53-OU53)/OU53 -> #DIV/0!
A55: 돼지/미국 | I55: 돼지/미국 | Q55: 돼지/미국 | Y55: 돼지/미국 | AG55: 돼지/미국 | AO55: 돼지/미국 | AW55: 돼지/미국 | BE55: 돼지/미국 | BM55: 돼지/미국 | BU55: 돼지/미국 | CC55: 돼지/미국 | CK55: 돼지/미국 | CS55: 돼지/미국 | DA55: 돼지/미국 | DI55: 돼지/미국 | DQ55: 돼지/미국 | DY55: 돼지/미국 | EG55: 돼지/미국 | EO55: 돼지/미국 | EW55: 돼지/미국 | FE55: 돼지/미국 | FM55: 돼지/미국 | FU55: 돼지/미국 | GC55: 돼지/미국 | GK55: 돼지/미국 | GS55: 돼지/미국 | HA55: 돼지/미국 | HI55: 돼지/미국 | HQ55: 돼지/미국 | HY55: 돼지/미국 | IG55: 돼지/미국 | IO55: 돼지/미국 | IW55: 돼지/미국 | JE55: 돼지/미국 | JM55: 돼지/미국 | JU55: 돼지/미국 | KC55: 돼지/미국 | KK55: 돼지/미국 | KS55: 돼지/미국 | LA55: 돼지/미국 | LI55: 돼지/미국 | LQ55: 돼지/미국 | LY55: 돼지/미국 | MG55: 돼지/미국 | MO55: 돼지/미국 | MW55: 돼지/미국 | NE55: 돼지/미국 | NM55: 돼지/미국 | NU55: 돼지/미국 | OC55: 돼지/미국 | OK55: 돼지/미국 | OS55: 돼지/미국
A56: 구분 | C56: 2020년 | D56: 2021년 | F56: 전주 | G56: 전년 | I56: 구분 | K56: 2020년 | L56: 2021년 | N56: 전주 | O56: 전년 | Q56: 구분 | S56: 2020년 | T56: 2021년 | V56: 전주 | W56: 전년 | Y56: 구분 | AA56: 2020년 | AB56: 2021년 | AD56: 전주 | AE56: 전년 | AG56: 구분 | AI56: 2020년 | AJ56: 2021년 | AL56: 전주 | AM56: 전년 | AO56: 구분 | AQ56: 2020년 | AR56: 2021년 | AT56: 전주 | AU56: 전년 | AW56: 구분 | AY56: 2020년 | AZ56: 2021년 | BB56: 전주 | BC56: 전년 | BE56: 구분 | BG56: 2020년 | BH56: 2021년 | BJ56: 전주 | BK56: 전년 | BM56: 구분 | BO56: 2020년 | BP56: 2021년 | BR56: 전주 | BS56: 전년 | BU56: 구분 | BW56: 2020년 | BX56: 2021년 | BZ56: 전주 | CA56: 전년 | CC56: 구분 | CE56: 2020년 | CF56: 2021년 | CH56: 전주 | CI56: 전년 | CK56: 구분 | CM56: 2020년 | CN56: 2021년 | CP56: 전주 | CQ56: 전년 | CS56: 구분 | CU56: 2020년 | CV56: 2021년 | CX56: 전주 | CY56: 전년 | DA56: 구분 | DC56: 2020년 | DD56: 2021년 | DF56: 전주 | DG56: 전년 | DI56: 구분 | DK56: 2020년 | DL56: 2021년 | DN56: 전주 | DO56: 전년 | DQ56: 구분 | DS56: 2020년 | DT56: 2021년 | DV56: 전주 | DW56: 전년 | DY56: 구분 | EA56: 2020년 | EB56: 2021년 | ED56: 전주 | EE56: 전년 | EG56: 구분 | EI56: 2020년 | EJ56: 2021년 | EL56: 전주 | EM56: 전년 | EO56: 구분 | EQ56: 2020년 | ER56: 2021년 | ET56: 전주 | EU56: 전년 | EW56: 구분 | EY56: 2020년 | EZ56: 2021년 | FB56: 전주 | FC56: 전년 | FE56: 구분 | FG56: 2020년 | FH56: 2021년 | FJ56: 전주 | FK56: 전년 | FM56: 구분 | FO56: 2020년 | FP56: 2021년 | FR56: 전주 | FS56: 전년 | FU56: 구분 | FW56: 2020년 | FX56: 2021년 | FZ56: 전주 | GA56: 전년 | GC56: 구분 | GE56: 2020년 | GF56: 2021년 | GH56: 전주 | GI56: 전년 | GK56: 구분 | GM56: 2020년 | GN56: 2021년 | GP56: 전주 | GQ56: 전년 | GS56: 구분 | GU56: 2020년 | GV56: 2021년 | GX56: 전주 | GY56: 전년 | HA56: 구분 | HC56: 2020년 | HD56: 2021년 | HF56: 전주 | HG56: 전년 | HI56: 구분 | HK56: 2020년 | HL56: 2021년 | HN56: 전주 | HO56: 전년 | HQ56: 구분 | HS56: 2020년 | HT56: 2021년 | HV56: 전주 | HW56: 전년 | HY56: 구분 | IA56: 2020년 | IB56: 2021년 | ID56: 전주 | IE56: 전년 | IG56: 구분 | II56: 2020년 | IJ56: 2021년 | IL56: 전주 | IM56: 전년 | IO56: 구분 | IQ56: 2020년 | IR56: 2021년 | IT56: 전주 | IU56: 전년 | IW56: 구분 | IY56: 2020년 | IZ56: 2021년 | JB56: 전주 | JC56: 전년 | JE56: 구분 | JG56: 2020년 | JH56: 2021년 | JJ56: 전주 | JK56: 전년 | JM56: 구분 | JO56: 2020년 | JP56: 2021년 | JR56: 전주 | JS56: 전년 | JU56: 구분 | JW56: 2020년 | JX56: 2021년 | JZ56: 전주 | KA56: 전년 | KC56: 구분 | KE56: 2020년 | KF56: 2021년 | KH56: 전주 | KI56: 전년 | KK56: 구분 | KM56: 2020년 | KN56: 2021년 | KP56: 전주 | KQ56: 전년 | KS56: 구분 | KU56: 2020년 | KV56: 2021년 | KX56: 전주 | KY56: 전년 | LA56: 구분 | LC56: 2020년 | LD56: 2021년 | LF56: 전주 | LG56: 전년 | LI56: 구분 | LK56: 2020년 | LL56: 2021년 | LN56: 전주 | LO56: 전년 | LQ56: 구분 | LS56: 2020년 | LT56: 2021년 | LV56: 전주 | LW56: 전년 | LY56: 구분 | MA56: 2020년 | MB56: 2021년 | MD56: 전주 | ME56: 전년 | MG56: 구분 | MI56: 2020년 | MJ56: 2021년 | ML56: 전주 | MM56: 전년 | MO56: 구분 | MQ56: 2020년 | MR56: 2021년 | MT56: 전주 | MU56: 전년 | MW56: 구분 | MY56: 2020년 | MZ56: 2021년 | NB56: 전주 | NC56: 전년 | NE56: 구분 | NG56: 2020년 | NH56: 2021년 | NJ56: 전주 | NK56: 전년 | NM56: 구분 | NO56: 2020년 | NP56: 2021년 | NR56: 전주 | NS56: 전년 | NU56: 구분 | NW56: 2020년 | NX56: 2021년 | NZ56: 전주 | OA56: 전년 | OC56: 구분 | OE56: 2020년 | OF56: 2021년 | OH56: 전주 | OI56: 전년 | OK56: 구분 | OM56: 2020년 | ON56: 2021년 | OP56: 전주 | OQ56: 전년 | OS56: 구분 | OU56: 2020년 | OV56: 2021년 | OX56: 전주 | OY56: 전년
C57: 1월1주 | D57: 12월4주 | E57: 1월1주 | F57: 대비 | G57: 대비 | K57: 1월2주 | L57: 1월1주 | M57: 1월2주 | N57: 대비 | O57: 대비 | S57: 1월3주 | T57: 1월2주 | U57: 1월3주 | V57: 대비 | W57: 대비 | AA57: 1월4주 | AB57: 1월3주 | AC57: 1월4주 | AD57: 대비 | AE57: 대비 | AI57: 2월1주 | AJ57: 1월4주 | AK57: 2월1주 | AL57: 대비 | AM57: 대비 | AQ57: 2월2주 | AR57: 2월1주 | AS57: 2월2주 | AT57: 대비 | AU57: 대비 | AY57: 2월3주 | AZ57: 2월2주 | BA57: 2월3주 | BB57: 대비 | BC57: 대비 | BG57: 2월4주 | BH57: 2월3주 | BI57: 2월4주 | BJ57: 대비 | BK57: 대비 | BO57: 3월1주 | BP57: 2월4주 | BQ57: 3월1주 | BR57: 대비 | BS57: 대비 | BW57: 3월2주 | BX57: 3월1주 | BY57: 3월2주 | BZ57: 대비 | CA57: 대비 | CE57: 3월3주 | CF57: 3월2주 | CG57: 3월3주 | CH57: 대비 | CI57: 대비 | CM57: 3월4주 | CN57: 3월3주 | CO57: 3월4주 | CP57: 대비 | CQ57: 대비 | CU57: 3월5주 | CV57: 3월4주 | CW57: 3월5주 | CX57: 대비 | CY57: 대비 | DC57: 4월1주 | DD57: 3월5주 | DE57: 4월1주 | DF57: 대비 | DG57: 대비 | DK57: 4월2주 | DL57: 4월1주 | DM57: 4월2주 | DN57: 대비 | DO57: 대비 | DS57: 4월3주 | DT57: 4월2주 | DU57: 4월3주 | DV57: 대비 | DW57: 대비 | EA57: 4월4주 | EB57: 4월3주 | EC57: 4월4주 | ED57: 대비 | EE57: 대비 | EI57: 5월1주 | EJ57: 4월4주 | EK57: 5월1주 | EL57: 대비 | EM57: 대비 | EQ57: 5월2주 | ER57: 5월1주 | ES57: 5월2주 | ET57: 대비 | EU57: 대비 | EY57: 5월3주 | EZ57: 5월2주 | FA57: 5월3주 | FB57: 대비 | FC57: 대비 | FG57: 5월3주 | FH57: 5월2주 | FI57: 5월3주 | FJ57: 대비 | FK57: 대비 | FO57: 6월1주 | FP57: 5월4주 | FQ57: 6월1주 | FR57: 대비 | FS57: 대비 | FW57: 6월2주 | FX57: 6월1주 | FY57: 6월2주 | FZ57: 대비 | GA57: 대비 | GE57: 6월3주 | GF57: 6월2주 | GG57: 6월3주 | GH57: 대비 | GI57: 대비 | GM57: 6월4주 | GN57: 6월3주 | GO57: 6월4주 | GP57: 대비 | GQ57: 대비 | GU57: 7월1주 | GV57: 6월4주 | GW57: 7월1주 | GX57: 대비 | GY57: 대비 | HC57: 7월2주 | HD57: 7월1주 | HE57: 7월2주 | HF57: 대비 | HG57: 대비 | HK57: 7월3주 | HL57: 7월2주 | HM57: 7월3주 | HN57: 대비 | HO57: 대비 | HS57: 7월3주 | HT57: 7월2주 | HU57: 7월3주 | HV57: 대비 | HW57: 대비 | IA57: 7월5주 | IB57: 7월4주 | IC57: 7월5주 | ID57: 대비 | IE57: 대비 | II57: 8월1주 | IJ57: 7월5주 | IK57: 8월1주 | IL57: 대비 | IM57: 대비 | IQ57: 8월2주 | IR57: 8월1주 | IS57: 8월2주 | IT57: 대비 | IU57: 대비 | IY57: 8월3주 | IZ57: 8월2주 | JA57: 8월3주 | JB57: 대비 | JC57: 대비 | JG57: 8월4주 | JH57: 8월3주 | JI57: 8월4주 | JJ57: 대비 | JK57: 대비 | JO57: 9월1주 | JP57: 8월4주 | JQ57: 9월1주 | JR57: 대비 | JS57: 대비 | JW57: 9월2주 | JX57: 9월1주 | JY57: 9월2주 | JZ57: 대비 | KA57: 대비 | KE57: 9월3주 | KF57: 9월2주 | KG57: 9월3주 | KH57: 대비 | KI57: 대비 | KM57: 9월4주 | KN57: 9월3주 | KO57: 9월4주 | KP57: 대비 | KQ57: 대비 | KU57: 9월5주 | KV57: 9월4주 | KW57: 9월5주 | KX57: 대비 | KY57: 대비 | LC57: 10월1주 | LD57: 9월5주 | LE57: 10월1주 | LF57: 대비 | LG57: 대비 | LK57: 10월2주 | LL57: 10월1주 | LM57: 10월2주 | LN57: 대비 | LO57: 대비 | LS57: 10월2주 | LT57: 10월1주 | LU57: 10월2주 | LV57: 대비 | LW57: 대비 | MA57: 10월4주 | MB57: 10월3주 | MC57: 10월4주 | MD57: 대비 | ME57: 대비 | MI57: 11월1주 | MJ57: 10월4주 | MK57: 11월1주 | ML57: 대비 | MM57: 대비 | MQ57: 11월2주 | MR57: 11월1주 | MS57: 11월2주 | MT57: 대비 | MU57: 대비 | MY57: 11월3주 | MZ57: 11월2주 | NA57: 11월3주 | NB57: 대비 | NC57: 대비 | NG57: 11월4주 | NH57: 11월3주 | NI57: 11월4주 | NJ57: 대비 | NK57: 대비 | NO57: 12월1주 | NP57: 11월4주 | NQ57: 12월1주 | NR57: 대비 | NS57: 대비 | NW57: 12월2주 | NX57: 12월1주 | NY57: 12월2주 | NZ57: 대비 | OA57: 대비 | OE57: 12월3주 | OF57: 12월2주 | OG57: 12월3주 | OH57: 대비 | OI57: 대비 | OM57: 12월4주 | ON57: 12월3주 | OO57: 12월4주 | OP57: 대비 | OQ57: 대비 | OU57: 12월5주 | OV57: 12월4주 | OW57: 12월5주 | OX57: 대비 | OY57: 대비
A58: 수급 | B58: 도축(천두) | C58: 2034 | D58: 1740 | E58: 2168 | F58: =(E58-D58)/D58 -> 0.24597701 | G58: =(E58-C58)/C58 -> 0.065880039 | I58: 수급 | J58: 도축(천두) | K58: 2293 | L58: 2168 | M58: 2849 | N58: =(M58-L58)/L58 -> 0.31411439 | O58: =(M58-K58)/K58 -> 0.2424771 | Q58: 수급 | R58: 도축(천두) | S58: 2713 | T58: 2849 | U58: 2654 | V58: =(U58-T58)/T58 -> -0.068445068 | W58: =(U58-S58)/S58 -> -0.021747143 | Y58: 수급 | Z58: 도축(천두) | AA58: 2574 | AB58: 2641 | AC58: 2738 | AD58: =(AC58-AB58)/AB58 -> 0.036728512 | AE58: =(AC58-AA58)/AA58 -> 0.063714064 | AG58: 수급 | AH58: 도축(천두) | AI58: 2703 | AJ58: 2738 | AK58: 2658 | AL58: =(AK58-AJ58)/AJ58 -> -0.029218408 | AM58: =(AK58-AI58)/AI58 -> -0.016648169 | AO58: 수급 | AP58: 도축(천두) | AQ58: 2691 | AR58: 2658 | AS58: 2691 | AT58: =(AS58-AR58)/AR58 -> 0.01241535 | AU58: =(AS58-AQ58)/AQ58 -> 0 | AW58: 수급 | AX58: 도축(천두) | AY58: 2596 | AZ58: 2691 | BA58: 2664 | BB58: =(BA58-AZ58)/AZ58 -> -0.010033445 | BC58: =(BA58-AY58)/AY58 -> 0.026194145 | BE58: 수급 | BF58: 도축(천두) | BG58: 2622 | BH58: 2654 | BI58: 2438 | BJ58: =(BI58-BH58)/BH58 -> -0.081386586 | BK58: =(BI58-BG58)/BG58 -> -0.070175439 | BM58: 수급 | BN58: 도축(천두) | BO58: 2556 | BP58: 2432 | BQ58: 2642 | BR58: =(BQ58-BP58)/BP58 -> 0.086348684 | BS58: =(BQ58-BO58)/BO58 -> 0.033646322 | BU58: 수급 | BV58: 도축(천두) | BW58: 2680 | BX58: 2642 | BY58: 2563 | BZ58: =(BY58-BX58)/BX58 -> -0.02990159 | CA58: =(BY58-BW58)/BW58 -> -0.043656716 | CC58: 수급 | CD58: 도축(천두) | CE58: 2648 | CF58: 2563 | CG58: 2583 | CH58: =(CG58-CF58)/CF58 -> 0.0078033554 | CI58: =(CG58-CE58)/CE58 -> -0.024546828 | CK58: 수급 | CL58: 도축(천두) | CM58: 2790 | CN58: 2578 | CO58: 2524 | CP58: =(CO58-CN58)/CN58 -> -0.02094647 | CQ58: =(CO58-CM58)/CM58 -> -0.095340502 | CS58: 수급 | CT58: 도축(천두) | CU58: 2754 | CV58: 2524 | CW58: 2551 | CX58: =(CW58-CV58)/CV58 -> 0.010697306 | CY58: =(CW58-CU58)/CU58 -> -0.073710966 | DA58: 수급 | DB58: 도축(천두) | DC58: 2565 | DD58: 2551 | DE58: 2470 | DF58: =(DE58-DD58)/DD58 -> -0.031752254 | DG58: =(DE58-DC58)/DC58 -> -0.037037037 | DI58: 수급 | DJ58: 도축(천두) | DK58: 2407 | DL58: 2470 | DM58: 2487 | DN58: =(DM58-DL58)/DL58 -> 0.0068825911 | DO58: =(DM58-DK58)/DK58 -> 0.033236394 | DQ58: 수급 | DR58: 도축(천두) | DS58: 2236 | DT58: 2487 | DU58: 2469 | DV58: =(DU58-DT58)/DT58 -> -0.0072376357 | DW58: =(DU58-DS58)/DS58 -> 0.10420394 | DY58: 수급 | DZ58: 도축(천두) | EA58: 1995 | EB58: 2469 | EC58: 2473 | ED58: =(EC58-EB58)/EB58 -> 0.0016200891 | EE58: =(EC58-EA58)/EA58 -> 0.239599 | EG58: 수급 | EH58: 도축(천두) | EI58: 1545 | EJ58: 2473 | EK58: 2454 | EL58: =(EK58-EJ58)/EJ58 -> -0.0076829761 | EM58: =(EK58-EI58)/EI58 -> 0.58834951 | EO58: 수급 | EP58: 도축(천두) | EQ58: 1768 | ER58: 2454 | ES58: 2408 | ET58: =(ES58-ER58)/ER58 -> -0.018744906 | EU58: =(ES58-EQ58)/EQ58 -> 0.36199095 | EW58: 수급 | EX58: 도축(천두) | EY58: 2103 | EZ58: 2408 | FA58: 2395 | FB58: =(FA58-EZ58)/EZ58 -> -0.0053986711 | FC58: =(FA58-EY58)/EY58 -> 0.13884926 | FE58: 수급 | FF58: 도축(천두) | FG58: 2130 | FH58: 2395 | FI58: 2393 | FJ58: =(FI58-FH58)/FH58 -> -0.00083507307 | FK58: =(FI58-FG58)/FG58 -> 0.12347418 | FM58: 수급 | FN58: 도축(천두) | FO58: 1966 | FP58: 2393 | FQ58: 2378 | FR58: =(FQ58-FP58)/FP58 -> -0.0062682825 | FS58: =(FQ58-FO58)/FO58 -> 0.20956256 | FU58: 수급 | FV58: 도축(천두) | FW58: 2452 | FX58: 2378 | FY58: 1975 | FZ58: =(FY58-FX58)/FX58 -> -0.16947014 | GA58: =(FY58-FW58)/FW58 -> -0.19453507 | GC58: 수급 | GD58: 도축(천두) | GE58: 2457 | GF58: 1975 | GG58: 2440 | GH58: =(GG58-GF58)/GF58 -> 0.23544304 | GI58: =(GG58-GE58)/GE58 -> -0.0069190069 | GK58: 수급 | GL58: 도축(천두) | GM58: 2587 | GN58: 2440 | GO58: 2443 | GP58: =(GO58-GN58)/GN58 -> 0.0012295082 | GQ58: =(GO58-GM58)/GM58 -> -0.05566293 | GS58: 수급 | GT58: 도축(천두) | GU58: 2641 | GV58: 2443 | GW58: 2368 | GX58: =(GW58-GV58)/GV58 -> -0.030699959 | GY58: =(GW58-GU58)/GU58 -> -0.10336994 | HA58: 수급 | HB58: 도축(천두) | HC58: 2043 | HD58: 2368 | HE58: 2282 | HF58: =(HE58-HD58)/HD58 -> -0.036317568 | HG58: =(HE58-HC58)/HC58 -> 0.11698483 | HI58: 수급 | HJ58: 도축(천두) | HK58: 2606 | HL58: 2282 | HM58: 1923 | HN58: =(HM58-HL58)/HL58 -> -0.15731814 | HO58: =(HM58-HK58)/HK58 -> -0.26208749 | HQ58: 수급 | HR58: 도축(천두) | HS58: 2518 | HT58: 1923 | HU58: 2280 | HV58: =(HU58-HT58)/HT58 -> 0.18564743 | HW58: =(HU58-HS58)/HS58 -> -0.09451946 | HY58: 수급 | HZ58: 도축(천두) | IA58: 2589 | IB58: 2280 | IC58: 2332 | ID58: =(IC58-IB58)/IB58 -> 0.022807018 | IE58: =(IC58-IA58)/IA58 -> -0.099266126 | IG58: 수급 | IH58: 도축(천두) | II58: 2543 | IJ58: 2368 | IK58: 2327 | IL58: =(IK58-IJ58)/IJ58 -> -0.017314189 | IM58: =(IK58-II58)/II58 -> -0.084939048 | IO58: 수급 | IP58: 도축(천두) | IQ58: 2534 | IR58: 2327 | IS58: 2327 | IT58: =(IS58-IR58)/IR58 -> 0 | IU58: =(IS58-IQ58)/IQ58 -> -0.081689029 | IW58: 수급 | IX58: 도축(천두) | IY58: 2565 | IZ58: 2327 | JA58: 2415 | JB58: =(JA58-IZ58)/IZ58 -> 0.037816932 | JC58: =(JA58-IY58)/IY58 -> -0.058479532 | JE58: 수급 | JF58: 도축(천두) | JG58: 2618 | JH58: 2415 | JI58: 2452 | JJ58: =(JI58-JH58)/JH58 -> 0.015320911 | JK58: =(JI58-JG58)/JG58 -> -0.063407181 | JM58: 수급 | JN58: 도축(천두) | JO58: 2664 | JP58: 2452 | JQ58: 2444 | JR58: =(JQ58-JP58)/JP58 -> -0.0032626427 | JS58: =(JQ58-JO58)/JO58 -> -0.082582583 | JU58: 수급 | JV58: 도축(천두) | JW58: 2484 | JX58: 2444 | JY58: 2398 | JZ58: =(JY58-JX58)/JX58 -> -0.018821604 | KA58: =(JY58-JW58)/JW58 -> -0.034621578 | KC58: 수급 | KD58: 도축(천두) | KE58: 2335 | KF58: 2398 | KG58: 2274 | KH58: =(KG58-KF58)/KF58 -> -0.051709758 | KI58: =(KG58-KE58)/KE58 -> -0.026124197 | KK58: 수급 | KL58: 도축(천두) | KM58: 2587 | KN58: 2274 | KO58: 2537 | KP58: =(KO58-KN58)/KN58 -> 0.11565523 | KQ58: =(KO58-KM58)/KM58 -> -0.019327406 | KS58: 수급 | KT58: 도축(천두) | KU58: 2627 | KV58: 2537 | KW58: 2578 | KX58: =(KW58-KV58)/KV58 -> 0.01616082 | KY58: =(KW58-KU58)/KU58 -> -0.018652455 | LA58: 수급 | LB58: 도축(천두) | LC58: 2603 | LD58: 2578 | LE58: 2524 | LF58: =(LE58-LD58)/LD58 -> -0.02094647 | LG58: =(LE58-LC58)/LC58 -> -0.030349597 | LI58: 수급 | LJ58: 도축(천두) | LK58: 2730 | LL58: 2524 | LM58: 2597 | LN58: =(LM58-LL58)/LL58 -> 0.028922345 | LO58: =(LM58-LK58)/LK58 -> -0.048717949 | LQ58: 수급 | LR58: 도축(천두) | LS58: 2688 | LT58: 2597 | LU58: 2637 | LV58: =(LU58-LT58)/LT58 -> 0.015402387 | LW58: =(LU58-LS58)/LS58 -> -0.018973214 | LY58: 수급 | LZ58: 도축(천두) | MA58: 2679 | MB58: 2637 | MC58: 2606 | MD58: =(MC58-MB58)/MB58 -> -0.011755783 | ME58: =(MC58-MA58)/MA58 -> -0.027248973 | MG58: 수급 | MH58: 도축(천두) | MI58: 2683 | MJ58: 2606 | MK58: 2551 | ML58: =(MK58-MJ58)/MJ58 -> -0.021105142 | MM58: =(MK58-MI58)/MI58 -> -0.049198658 | MO58: 수급 | MP58: 도축(천두) | MQ58: 2713 | MR58: 2551 | MS58: 2611 | MT58: =(MS58-MR58)/MR58 -> 0.023520188 | MU58: =(MS58-MQ58)/MQ58 -> -0.037596756 | MW58: 수급 | MX58: 도축(천두) | MY58: 2688 | MZ58: 2611 | NA58: 2614 | NB58: =(NA58-MZ58)/MZ58 -> 0.0011489851 | NC58: =(NA58-MY58)/MY58 -> -0.027529762 | NE58: 수급 | NF58: 도축(천두) | NG58: 2711 | NH58: 2614 | NI58: 2635 | NJ58: =(NI58-NH58)/NH58 -> 0.0080336649 | NK58: =(NI58-NG58)/NG58 -> -0.028033936 | NM58: 수급 | NN58: 도축(천두) | NO58: 2350 | NP58: 2635 | NQ58: 2261 | NR58: =(NQ58-NP58)/NP58 -> -0.14193548 | NS58: =(NQ58-NO58)/NO58 -> -0.03787234 | NU58: 수급 | NV58: 도축(천두) | NW58: 2789 | NX58: 2261 | NY58: 2667 | NZ58: =(NY58-NX58)/NX58 -> 0.17956656 | OA58: =(NY58-NW58)/NW58 -> -0.043743277 | OC58: 수급 | OD58: 도축(천두) | OE58: 2776 | OF58: 2667 | OG58: 2601 | OH58: =(OG58-OF58)/OF58 -> -0.024746907 | OI58: =(OG58-OE58)/OE58 -> -0.063040346 | OK58: 수급 | OL58: 도축(천두) | OM58: 2792 | ON58: 2601 | OO58: 2645 | OP58: =(OO58-ON58)/ON58 -> 0.016916571 | OQ58: =(OO58-OM58)/OM58 -> -0.05265043 | OS58: 수급 | OT58: 도축(천두) | OU58: 1740 | OV58: 2645 | OW58: - | OX58: =(OW58-OV58)/OV58 -> #VALUE! | OY58: =(OW58-OU58)/OU58 -> #VALUE!
B59: 수출(천톤) | F59: =(E59-D59)/D59 -> #DIV/0! | G59: =(E59-C59)/C59 -> #DIV/0! | J59: 수출(천톤) | N59: =(M59-L59)/L59 -> #DIV/0! | O59: =(M59-K59)/K59 -> #DIV/0! | R59: 수출(천톤) | V59: =(U59-T59)/T59 -> #DIV/0! | W59: =(U59-S59)/S59 -> #DIV/0! | Z59: 수출(천톤) | AD59: =(AC59-AB59)/AB59 -> #DIV/0! | AE59: =(AC59-AA60)/AA60 -> -1 | AH59: 수출(천톤) | AL59: =(AK59-AJ59)/AJ59 -> #DIV/0! | AM59: =(AK59-AI60)/AI60 -> -1 | AP59: 수출(천톤) | AT59: =(AS59-AR59)/AR59 -> #DIV/0! | AU59: =(AS59-AQ60)/AQ60 -> -1 | AX59: 수출(천톤) | BB59: =(BA59-AZ59)/AZ59 -> #DIV/0! | BC59: =(BA59-AY60)/AY60 -> -1 | BF59: 수출(천톤) | BJ59: =(BI59-BH59)/BH59 -> #DIV/0! | BK59: =(BI59-BG60)/BG60 -> -1 | BN59: 수출(천톤) | BR59: =(BQ59-BP59)/BP59 -> #DIV/0! | BS59: =(BQ59-BO60)/BO60 -> -1 | BV59: 수출(천톤) | BZ59: =(BY59-BX59)/BX59 -> #DIV/0! | CA59: =(BY59-BW60)/BW60 -> -1 | CD59: 수출(천톤) | CH59: =(CG59-CF59)/CF59 -> #DIV/0! | CI59: =(CG59-CE60)/CE60 -> -1 | CL59: 수출(천톤) | CP59: =(CO59-CN59)/CN59 -> #DIV/0! | CQ59: =(CO59-CM60)/CM60 -> -1 | CT59: 수출(천톤) | CX59: =(CW59-CV59)/CV59 -> #DIV/0! | CY59: =(CW59-CU60)/CU60 -> -1 | DB59: 수출(천톤) | DF59: =(DE59-DD59)/DD59 -> #DIV/0! | DG59: =(DE59-DC60)/DC60 -> -1 | DJ59: 수출(천톤) | DN59: =(DM59-DL59)/DL59 -> #DIV/0! | DO59: =(DM59-DK60)/DK60 -> -1 | DR59: 수출(천톤) | DV59: =(DU59-DT59)/DT59 -> #DIV/0! | DW59: =(DU59-DS60)/DS60 -> -1 | DZ59: 수출(천톤) | ED59: =(EC59-EB59)/EB59 -> #DIV/0! | EE59: =(EC59-EA60)/EA60 -> -1 | EH59: 수출(천톤) | EL59: =(EK59-EJ59)/EJ59 -> #DIV/0! | EM59: =(EK59-EI60)/EI60 -> -1 | EP59: 수출(천톤) | ET59: =(ES59-ER59)/ER59 -> #DIV/0! | EU59: =(ES59-EQ60)/EQ60 -> -1 | EX59: 수출(천톤) | FB59: =(FA59-EZ59)/EZ59 -> #DIV/0! | FC59: =(FA59-EY60)/EY60 -> -1 | FF59: 수출(천톤) | FJ59: =(FI59-FH59)/FH59 -> #DIV/0! | FK59: =(FI59-FG60)/FG60 -> -1 | FN59: 수출(천톤) | FR59: =(FQ59-FP59)/FP59 -> #DIV/0! | FS59: =(FQ59-FO60)/FO60 -> -1 | FV59: 수출(천톤) | FZ59: =(FY59-FX59)/FX59 -> #DIV/0! | GA59: =(FY59-FW60)/FW60 -> -1 | GD59: 수출(천톤) | GH59: =(GG59-GF59)/GF59 -> #DIV/0! | GI59: =(GG59-GE60)/GE60 -> -1 | GL59: 수출(천톤) | GP59: =(GO59-GN59)/GN59 -> #DIV/0! | GQ59: =(GO59-GM60)/GM60 -> -1 | GT59: 수출(천톤) | GX59: =(GW59-GV59)/GV59 -> #DIV/0! | GY59: =(GW59-GU60)/GU60 -> -1 | HB59: 수출(천톤) | HF59: =(HE59-HD59)/HD59 -> #DIV/0! | HG59: =(HE59-HC60)/HC60 -> -1 | HJ59: 수출(천톤) | HN59: =(HM59-HL59)/HL59 -> #DIV/0! | HO59: =(HM59-HK60)/HK60 -> -1 | HR59: 수출(천톤) | HV59: =(HU59-HT59)/HT59 -> #DIV/0! | HW59: =(HU59-HS60)/HS60 -> -1 | HZ59: 수출(천톤) | ID59: =(IC59-IB59)/IB59 -> #DIV/0! | IE59: =(IC59-IA60)/IA60 -> -1 | IH59: 수출(천톤) | IL59: =(IK59-IJ59)/IJ59 -> #DIV/0! | IM59: =(IK59-II60)/II60 -> -1 | IP59: 수출(천톤) | IT59: =(IS59-IR59)/IR59 -> #DIV/0! | IU59: =(IS59-IQ60)/IQ60 -> -1 | IX59: 수출(천톤) | JB59: =(JA59-IZ59)/IZ59 -> #DIV/0! | JC59: =(JA59-IY60)/IY60 -> -1 | JF59: 수출(천톤) | JJ59: =(JI59-JH59)/JH59 -> #DIV/0! | JK59: =(JI59-JG60)/JG60 -> -1 | JN59: 수출(천톤) | JR59: =(JQ59-JP59)/JP59 -> #DIV/0! | JS59: =(JQ59-JO60)/JO60 -> -1 | JV59: 수출(천톤) | JZ59: =(JY59-JX59)/JX59 -> #DIV/0! | KA59: =(JY59-JW60)/JW60 -> -1 | KD59: 수출(천톤) | KH59: =(KG59-KF59)/KF59 -> #DIV/0! | KI59: =(KG59-KE60)/KE60 -> -1 | KL59: 수출(천톤) | KP59: =(KO59-KN59)/KN59 -> #DIV/0! | KQ59: =(KO59-KM60)/KM60 -> -1 | KT59: 수출(천톤) | KX59: =(KW59-KV59)/KV59 -> #DIV/0! | KY59: =(KW59-KU60)/KU60 -> -1 | LB59: 수출(천톤) | LF59: =(LE59-LD59)/LD59 -> #DIV/0! | LG59: =(LE59-LC60)/LC60 -> -1 | LJ59: 수출(천톤) | LN59: =(LM59-LL59)/LL59 -> #DIV/0! | LO59: =(LM59-LK60)/LK60 -> -1 | LR59: 수출(천톤) | LV59: =(LU59-LT59)/LT59 -> #DIV/0! | LW59: =(LU59-LS60)/LS60 -> -1 | LZ59: 수출(천톤) | MD59: =(MC59-MB59)/MB59 -> #DIV/0! | ME59: =(MC59-MA60)/MA60 -> -1 | MH59: 수출(천톤) | ML59: =(MK59-MJ59)/MJ59 -> #DIV/0! | MM59: =(MK59-MI60)/MI60 -> -1 | MP59: 수출(천톤) | MT59: =(MS59-MR59)/MR59 -> #DIV/0! | MU59: =(MS59-MQ60)/MQ60 -> -1 | MX59: 수출(천톤) | NB59: =(NA59-MZ59)/MZ59 -> #DIV/0! | NC59: =(NA59-MY60)/MY60 -> -1 | NF59: 수출(천톤) | NJ59: =(NI59-NH59)/NH59 -> #DIV/0! | NK59: =(NI59-NG60)/NG60 -> -1 | NN59: 수출(천톤) | NR59: =(NQ59-NP59)/NP59 -> #DIV/0! | NS59: =(NQ59-NO60)/NO60 -> -1 | NV59: 수출(천톤) | NZ59: =(NY59-NX59)/NX59 -> #DIV/0! | OA59: =(NY59-NW60)/NW60 -> -1 | OD59: 수출(천톤) | OH59: =(OG59-OF59)/OF59 -> #DIV/0! | OI59: =(OG59-OE60)/OE60 -> -1 | OL59: 수출(천톤) | OP59: =(OO59-ON59)/ON59 -> #DIV/0! | OQ59: =(OO59-OM60)/OM60 -> -1 | OT59: 수출(천톤) | OX59: =(OW59-OV59)/OV59 -> #DIV/0! | OY59: =(OW59-OU60)/OU60 -> -1
A60: 가격 | B60: 지육($/kg) | C60: 1.68 | D60: 1.54 | E60: 1.63 | F60: =(E60-D60)/D60 -> 0.058441558 | G60: =(E60-C60)/C60 -> -0.029761905 | I60: 가격 | J60: 지육($/kg) | K60: 1.63 | L60: 1.63 | M60: 1.74 | N60: =(M60-L60)/L60 -> 0.067484663 | O60: =(M60-K60)/K60 -> 0.067484663 | Q60: 가격 | R60: 지육($/kg) | S60: 1.61 | T60: 1.74 | U60: 1.76 | V60: =(U60-T60)/T60 -> 0.011494253 | W60: =(U60-S60)/S60 -> 0.093167702 | Y60: 가격 | Z60: 지육($/kg) | AA60: 1.65 | AB60: 1.76 | AC60: 1.76 | AD60: =(AC60-AB60)/AB60 -> 0 | AE60: =(AC60-AA60)/AA60 -> 0.066666667 | AG60: 가격 | AH60: 지육($/kg) | AI60: 1.61 | AJ60: 1.76 | AK60: 1.83 | AL60: =(AK60-AJ60)/AJ60 -> 0.039772727 | AM60: =(AK60-AI60)/AI60 -> 0.13664596 | AO60: 가격 | AP60: 지육($/kg) | AQ60: 1.48 | AR60: 1.83 | AS60: 1.83 | AT60: =(AS60-AR60)/AR60 -> 0 | AU60: =(AS60-AQ60)/AQ60 -> 0.23648649 | AW60: 가격 | AX60: 지육($/kg) | AY60: 1.41 | AZ60: 1.83 | BA60: 1.92 | BB60: =(BA60-AZ60)/AZ60 -> 0.049180328 | BC60: =(BA60-AY60)/AY60 -> 0.36170213 | BE60: 가격 | BF60: 지육($/kg) | BG60: 1.41 | BH60: 1.92 | BI60: 1.98 | BJ60: =(BI60-BH60)/BH60 -> 0.03125 | BK60: =(BI60-BG60)/BG60 -> 0.40425532 | BM60: 가격 | BN60: 지육($/kg) | BO60: 1.43 | BP60: 1.98 | BQ60: 2.05 | BR60: =(BQ60-BP60)/BP60 -> 0.035353535 | BS60: =(BQ60-BO60)/BO60 -> 0.43356643 | BU60: 가격 | BV60: 지육($/kg) | BW60: 1.46 | BX60: 2.05 | BY60: 2.05 | BZ60: =(BY60-BX60)/BX60 -> 0 | CA60: =(BY60-BW60)/BW60 -> 0.40410959 | CC60: 가격 | CD60: 지육($/kg) | CE60: 1.52 | CF60: 2.05 | CG60: 2.14 | CH60: =(CG60-CF60)/CF60 -> 0.043902439 | CI60: =(CG60-CE60)/CE60 -> 0.40789474 | CK60: 가격 | CL60: 지육($/kg) | CM60: 1.68 | CN60: 2.14 | CO60: 2.27 | CP60: =(CO60-CN60)/CN60 -> 0.060747664 | CQ60: =(CO60-CM60)/CM60 -> 0.35119048 | CS60: 가격 | CT60: 지육($/kg) | CU60: 1.74 | CV60: 2.27 | CW60: 2.36 | CX60: =(CW60-CV60)/CV60 -> 0.039647577 | CY60: =(CW60-CU60)/CU60 -> 0.35632184 | DA60: 가격 | DB60: 지육($/kg) | DC60: 1.39 | DD60: 2.36 | DE60: 2.38 | DF60: =(DE60-DD60)/DD60 -> 0.0084745763 | DG60: =(DE60-DC60)/DC60 -> 0.71223022 | DI60: 가격 | DJ60: 지육($/kg) | DK60: 1.19 | DL60: 2.38 | DM60: 2.45 | DN60: =(DM60-DL60)/DL60 -> 0.029411765 | DO60: =(DM60-DK60)/DK60 -> 1.0588235 | DQ60: 가격 | DR60: 지육($/kg) | DS60: 1.21 | DT60: 2.45 | DU60: 2.47 | DV60: =(DU60-DT60)/DT60 -> 0.0081632653 | DW60: =(DU60-DS60)/DS60 -> 1.0413223 | DY60: 가격 | DZ60: 지육($/kg) | EA60: 1.61 | EB60: 2.47 | EC60: 2.51 | ED60: =(EC60-EB60)/EB60 -> 0.016194332 | EE60: =(EC60-EA60)/EA60 -> 0.55900621 | EG60: 가격 | EH60: 지육($/kg) | EI60: 2.07 | EJ60: 2.51 | EK60: 2.4 | EL60: =(EK60-EJ60)/EJ60 -> -0.043824701 | EM60: =(EK60-EI60)/EI60 -> 0.15942029 | EO60: 가격 | EP60: 지육($/kg) | EQ60: 2.51 | ER60: 2.4 | ES60: 2.47 | ET60: =(ES60-ER60)/ER60 -> 0.029166667 | EU60: =(ES60-EQ60)/EQ60 -> -0.015936255 | EW60: 가격 | EX60: 지육($/kg) | EY60: 2.54 | EZ60: 2.47 | FA60: 2.51 | FB60: =(FA60-EZ60)/EZ60 -> 0.016194332 | FC60: =(FA60-EY60)/EY60 -> -0.011811024 | FE60: 가격 | FF60: 지육($/kg) | FG60: 2.2 | FH60: 2.51 | FI60: 2.6 | FJ60: =(FI60-FH60)/FH60 -> 0.035856574 | FK60: =(FI60-FG60)/FG60 -> 0.18181818 | FM60: 가격 | FN60: 지육($/kg) | FO60: 2.01 | FP60: 2.6 | FQ60: 2.76 | FR60: =(FQ60-FP60)/FP60 -> 0.061538462 | FS60: =(FQ60-FO60)/FO60 -> 0.37313433 | FU60: 가격 | FV60: 지육($/kg) | FW60: 1.68 | FX60: 2.76 | FY60: 2.87 | FZ60: =(FY60-FX60)/FX60 -> 0.039855072 | GA60: =(FY60-FW60)/FW60 -> 0.70833333 | GC60: 가격 | GD60: 지육($/kg) | GE60: 1.54 | GF60: 2.87 | GG60: 2.95 | GH60: =(GG60-GF60)/GF60 -> 0.027874564 | GI60: =(GG60-GE60)/GE60 -> 0.91558442 | GK60: 가격 | GL60: 지육($/kg) | GM60: 1.43 | GN60: 2.95 | GO60: 2.71 | GP60: =(GO60-GN60)/GN60 -> -0.081355932 | GQ60: =(GO60-GM60)/GM60 -> 0.8951049 | GS60: 가격 | GT60: 지육($/kg) | GU60: 1.43 | GV60: 2.71 | GW60: 2.47 | GX60: =(GW60-GV60)/GV60 -> -0.088560886 | GY60: =(GW60-GU60)/GU60 -> 0.72727273 | HA60: 가격 | HB60: 지육($/kg) | HC60: 1.43 | HD60: 2.47 | HE60: 2.54 | HF60: =(HE60-HD60)/HD60 -> 0.028340081 | HG60: =(HE60-HC60)/HC60 -> 0.77622378 | HI60: 가격 | HJ60: 지육($/kg) | HK60: 1.46 | HL60: 2.54 | HM60: 2.56 | HN60: =(HM60-HL60)/HL60 -> 0.0078740157 | HO60: =(HM60-HK60)/HK60 -> 0.75342466 | HQ60: 가격 | HR60: 지육($/kg) | HS60: 1.5 | HT60: 2.56 | HU60: 2.62 | HV60: =(HU60-HT60)/HT60 -> 0.0234375 | HW60: =(HU60-HS60)/HS60 -> 0.74666667 | HY60: 가격 | HZ60: 지육($/kg) | IA60: 1.54 | IB60: 2.62 | IC60: 2.69 | ID60: =(IC60-IB60)/IB60 -> 0.026717557 | IE60: =(IC60-IA60)/IA60 -> 0.74675325 | IG60: 가격 | IH60: 지육($/kg) | II60: 1.5 | IJ60: 2.47 | IK60: 2.73 | IL60: =(IK60-IJ60)/IJ60 -> 0.10526316 | IM60: =(IK60-II60)/II60 -> 0.82 | IO60: 가격 | IP60: 지육($/kg) | IQ60: 1.5 | IR60: 2.73 | IS60: 2.76 | IT60: =(IS60-IR60)/IR60 -> 0.010989011 | IU60: =(IS60-IQ60)/IQ60 -> 0.84 | IW60: 가격 | IX60: 지육($/kg) | IY60: 1.59 | IZ60: 2.76 | JA60: 2.71 | JB60: =(JA60-IZ60)/IZ60 -> -0.018115942 | JC60: =(JA60-IY60)/IY60 -> 0.70440252 | JE60: 가격 | JF60: 지육($/kg) | JG60: 1.65 | JH60: 2.71 | JI60: 2.65 | JJ60: =(JI60-JH60)/JH60 -> -0.022140221 | JK60: =(JI60-JG60)/JG60 -> 0.60606061 | JM60: 가격 | JN60: 지육($/kg) | JO60: 1.61 | JP60: 2.65 | JQ60: 2.51 | JR60: =(JQ60-JP60)/JP60 -> -0.052830189 | JS60: =(JQ60-JO60)/JO60 -> 0.55900621 | JU60: 가격 | JV60: 지육($/kg) | JW60: 1.68 | JX60: 2.51 | JY60: 2.4 | JZ60: =(JY60-JX60)/JX60 -> -0.043824701 | KA60: =(JY60-JW60)/JW60 -> 0.42857143 | KC60: 가격 | KD60: 지육($/kg) | KE60: 1.79 | KF60: 2.4 | KG60: 2.36 | KH60: =(KG60-KF60)/KF60 -> -0.016666667 | KI60: =(KG60-KE60)/KE60 -> 0.31843575 | KK60: 가격 | KL60: 지육($/kg) | KM60: 1.85 | KN60: 2.36 | KO60: 2.31 | KP60: =(KO60-KN60)/KN60 -> -0.021186441 | KQ60: =(KO60-KM60)/KM60 -> 0.24864865 | KS60: 가격 | KT60: 지육($/kg) | KU60: 1.98 | KV60: 2.31 | KW60: 2.34 | KX60: =(KW60-KV60)/KV60 -> 0.012987013 | KY60: =(KW60-KU60)/KU60 -> 0.18181818 | LA60: 가격 | LB60: 지육($/kg) | LC60: 2.05 | LD60: 2.34 | LE60: 2.49 | LF60: =(LE60-LD60)/LD60 -> 0.064102564 | LG60: =(LE60-LC60)/LC60 -> 0.21463415 | LI60: 가격 | LJ60: 지육($/kg) | LK60: 2.09 | LL60: 2.49 | LM60: 2.45 | LN60: =(LM60-LL60)/LL60 -> -0.016064257 | LO60: =(LM60-LK60)/LK60 -> 0.1722488 | LQ60: 가격 | LR60: 지육($/kg) | LS60: 2.14 | LT60: 2.45 | LU60: 2.31 | LV60: =(LU60-LT60)/LT60 -> -0.057142857 | LW60: =(LU60-LS60)/LS60 -> 0.079439252 | LY60: 가격 | LZ60: 지육($/kg) | MA60: 2.14 | MB60: 2.31 | MC60: 2.18 | MD60: =(MC60-MB60)/MB60 -> -0.056277056 | ME60: =(MC60-MA60)/MA60 -> 0.018691589 | MG60: 가격 | MH60: 지육($/kg) | MI60: 1.92 | MJ60: 2.18 | MK60: 2.09 | ML60: =(MK60-MJ60)/MJ60 -> -0.041284404 | MM60: =(MK60-MI60)/MI60 -> 0.088541667 | MO60: 가격 | MP60: 지육($/kg) | MQ60: 1.85 | MR60: 2.09 | MS60: 2.12 | MT60: =(MS60-MR60)/MR60 -> 0.014354067 | MU60: =(MS60-MQ60)/MQ60 -> 0.14594595 | MW60: 가격 | MX60: 지육($/kg) | MY60: 1.83 | MZ60: 2.12 | NA60: 2.07 | NB60: =(NA60-MZ60)/MZ60 -> -0.023584906 | NC60: =(NA60-MY60)/MY60 -> 0.13114754 | NE60: 가격 | NF60: 지육($/kg) | NG60: 1.74 | NH60: 2.07 | NI60: 1.96 | NJ60: =(NI60-NH60)/NH60 -> -0.053140097 | NK60: =(NI60-NG60)/NG60 -> 0.12643678 | NM60: 가격 | NN60: 지육($/kg) | NO60: 1.72 | NP60: 1.96 | NQ60: 1.87 | NR60: =(NQ60-NP60)/NP60 -> -0.045918367 | NS60: =(NQ60-NO60)/NO60 -> 0.087209302 | NU60: 가격 | NV60: 지육($/kg) | NW60: 1.72 | NX60: 1.87 | NY60: 1.87 | NZ60: =(NY60-NX60)/NX60 -> 0 | OA60: =(NY60-NW60)/NW60 -> 0.087209302 | OC60: 가격 | OD60: 지육($/kg) | OE60: 1.72 | OF60: 1.87 | OG60: 1.9 | OH60: =(OG60-OF60)/OF60 -> 0.016042781 | OI60: =(OG60-OE60)/OE60 -> 0.10465116 | OK60: 가격 | OL60: 지육($/kg) | OM60: 1.63 | ON60: 1.9 | OO60: 1.94 | OP60: =(OO60-ON60)/ON60 -> 0.021052632 | OQ60: =(OO60-OM60)/OM60 -> 0.19018405 | OS60: 가격 | OT60: 지육($/kg) | OU60: 1.54 | OV60: 1.94 | OW60: 1.92 | OX60: =(OW60-OV60)/OV60 -> -0.010309278 | OY60: =(OW60-OU60)/OU60 -> 0.24675325
B61: 지육(원/kg) | C61: 1937 | D61: 1678 | E61: 1773 | F61: =(E61-D61)/D61 -> 0.056615018 | G61: =(E61-C61)/C61 -> -0.084667011 | J61: 지육(원/kg) | K61: 1907 | L61: 1773 | M61: 1911 | N61: =(M61-L61)/L61 -> 0.077834179 | O61: =(M61-K61)/K61 -> 0.0020975354 | R61: 지육(원/kg) | S61: 1864 | T61: 1911 | U61: 1943 | V61: =(U61-T61)/T61 -> 0.01674516 | W61: =(U61-S61)/S61 -> 0.042381974 | Z61: 지육(원/kg) | AA61: 1926 | AB61: 1943 | AC61: 1949 | AD61: =(AC61-AB61)/AB61 -> 0.0030880082 | AE61: =(AC61-AA61)/AA61 -> 0.011941848 | AH61: 지육(원/kg) | AI61: 1906 | AJ61: 1949 | AK61: 2042 | AL61: =(AK61-AJ61)/AJ61 -> 0.047716778 | AM61: =(AK61-AI61)/AI61 -> 0.07135362 | AP61: 지육(원/kg) | AQ61: 1743 | AR61: 2042 | AS61: 2026 | AT61: =(AS61-AR61)/AR61 -> -0.0078354554 | AU61: =(AS61-AQ61)/AQ61 -> 0.16236374 | AX61: 지육(원/kg) | AY61: 1679 | AZ61: 2026 | BA61: 2124 | BB61: =(BA61-AZ61)/AZ61 -> 0.048371175 | BC61: =(BA61-AY61)/AY61 -> 0.26503871 | BF61: 지육(원/kg) | BG61: 1714 | BH61: 2124 | BI61: 2200 | BJ61: =(BI61-BH61)/BH61 -> 0.035781544 | BK61: =(BI61-BG61)/BG61 -> 0.28354726 | BN61: 지육(원/kg) | BO61: 1695 | BP61: 2200 | BQ61: 2301 | BR61: =(BQ61-BP61)/BP61 -> 0.045909091 | BS61: =(BQ61-BO61)/BO61 -> 0.35752212 | BV61: 지육(원/kg) | BW61: 1734 | BX61: 2301 | BY61: 2341 | BZ61: =(BY61-BX61)/BX61 -> 0.017383746 | CA61: =(BY61-BW61)/BW61 -> 0.35005767 | CD61: 지육(원/kg) | CE61: 1912 | CF61: 2341 | CG61: 2415 | CH61: =(CG61-CF61)/CF61 -> 0.031610423 | CI61: =(CG61-CE61)/CE61 -> 0.26307531 | CL61: 지육(원/kg) | CM61: 2063 | CN61: 2415 | CO61: 2572 | CP61: =(CO61-CN61)/CN61 -> 0.065010352 | CQ61: =(CO61-CM61)/CM61 -> 0.24672807 | CT61: 지육(원/kg) | CU61: 2144 | CV61: 2572 | CW61: 2666 | CX61: =(CW61-CV61)/CV61 -> 0.036547434 | CY61: =(CW61-CU61)/CU61 -> 0.24347015 | DB61: 지육(원/kg) | DC61: 1694 | DD61: 2666 | DE61: 2663 | DF61: =(DE61-DD61)/DD61 -> -0.0011252813 | DG61: =(DE61-DC61)/DC61 -> 0.57201889 | DJ61: 지육(원/kg) | DK61: 1448 | DL61: 2663 | DM61: 2730 | DN61: =(DM61-DL61)/DL61 -> 0.025159594 | DO61: =(DM61-DK61)/DK61 -> 0.88535912 | DR61: 지육(원/kg) | DS61: 1494 | DT61: 2730 | DU61: 2758 | DV61: =(DU61-DT61)/DT61 -> 0.01025641 | DW61: =(DU61-DS61)/DS61 -> 0.84605087 | DZ61: 지육(원/kg) | EA61: 1962 | EB61: 2758 | EC61: 2795 | ED61: =(EC61-EB61)/EB61 -> 0.013415518 | EE61: =(EC61-EA61)/EA61 -> 0.42456677 | EH61: 지육(원/kg) | EI61: 2540 | EJ61: 2795 | EK61: 2706 | EL61: =(EK61-EJ61)/EJ61 -> -0.031842576 | EM61: =(EK61-EI61)/EI61 -> 0.065354331 | EP61: 지육(원/kg) | EQ61: 3078 | ER61: 2706 | ES61: 2774 | ET61: =(ES61-ER61)/ER61 -> 0.025129342 | EU61: =(ES61-EQ61)/EQ61 -> -0.098765432 | EX61: 지육(원/kg) | EY61: 3116 | EZ61: 2774 | FA61: 2837 | FB61: =(FA61-EZ61)/EZ61 -> 0.022710887 | FC61: =(FA61-EY61)/EY61 -> -0.089537869 | FF61: 지육(원/kg) | FG61: 2722 | FH61: 2837 | FI61: 2906 | FJ61: =(FI61-FH61)/FH61 -> 0.024321466 | FK61: =(FI61-FG61)/FG61 -> 0.067597355 | FN61: 지육(원/kg) | FO61: 2442 | FP61: 2906 | FQ61: 3069 | FR61: =(FQ61-FP61)/FP61 -> 0.056090847 | FS61: =(FQ61-FO61)/FO61 -> 0.25675676 | FV61: 지육(원/kg) | FW61: 1999 | FX61: 3069 | FY61: 3197 | FZ61: =(FY61-FX61)/FX61 -> 0.041707397 | GA61: =(FY61-FW61)/FW61 -> 0.59929965 | GD61: 지육(원/kg) | GE61: 1830 | GF61: 3197 | GG61: 3302 | GH61: =(GG61-GF61)/GF61 -> 0.032843291 | GI61: =(GG61-GE61)/GE61 -> 0.80437158 | GL61: 지육(원/kg) | GM61: 1728 | GN61: 3302 | GO61: 3080 | GP61: =(GO61-GN61)/GN61 -> -0.067231981 | GQ61: =(GO61-GM61)/GM61 -> 0.78240741 | GT61: 지육(원/kg) | GU61: 1725 | GV61: 3080 | GW61: 2786 | GX61: =(GW61-GV61)/GV61 -> -0.095454545 | GY61: =(GW61-GU61)/GU61 -> 0.61507246 | HB61: 지육(원/kg) | HC61: 1712 | HD61: 2786 | HE61: 2884 | HF61: =(HE61-HD61)/HD61 -> 0.035175879 | HG61: =(HE61-HC61)/HC61 -> 0.68457944 | HJ61: 지육(원/kg) | HK61: 1748 | HL61: 2884 | HM61: 2941 | HN61: =(HM61-HL61)/HL61 -> 0.019764216 | HO61: =(HM61-HK61)/HK61 -> 0.68249428 | HR61: 지육(원/kg) | HS61: 1794 | HT61: 2941 | HU61: 3029 | HV61: =(HU61-HT61)/HT61 -> 0.029921795 | HW61: =(HU61-HS61)/HS61 -> 0.6884058 | HZ61: 지육(원/kg) | IA61: 1844 | IB61: 3029 | IC61: 3104 | ID61: =(IC61-IB61)/IB61 -> 0.024760647 | IE61: =(IC61-IA61)/IA61 -> 0.68329718 | IH61: 지육(원/kg) | II61: 1781 | IJ61: 2786 | IK61: 3127 | IL61: =(IK61-IJ61)/IJ61 -> 0.1223977 | IM61: =(IK61-II61)/II61 -> 0.75575519 | IP61: 지육(원/kg) | IQ61: 1776 | IR61: 3127 | IS61: 3188 | IT61: =(IS61-IR61)/IR61 -> 0.019507515 | IU61: =(IS61-IQ61)/IQ61 -> 0.79504505 | IX61: 지육(원/kg) | IY61: 1875 | IZ61: 3188 | JA61: 3174 | JB61: =(JA61-IZ61)/IZ61 -> -0.004391468 | JC61: =(JA61-IY61)/IY61 -> 0.6928 | JF61: 지육(원/kg) | JG61: 1963 | JH61: 3174 | JI61: 3089 | JJ61: =(JI61-JH61)/JH61 -> -0.026780088 | JK61: =(JI61-JG61)/JG61 -> 0.57361182 | JN61: 지육(원/kg) | JO61: 1910 | JP61: 3089 | JQ61: 2914 | JR61: =(JQ61-JP61)/JP61 -> -0.056652638 | JS61: =(JQ61-JO61)/JO61 -> 0.52565445 | JV61: 지육(원/kg) | JW61: 1990 | JX61: 2914 | JY61: 2804 | JZ61: =(JY61-JX61)/JX61 -> -0.037748799 | KA61: =(JY61-JW61)/JW61 -> 0.40904523 | KD61: 지육(원/kg) | KE61: 2096 | KF61: 2804 | KG61: 2755 | KH61: =(KG61-KF61)/KF61 -> -0.017475036 | KI61: =(KG61-KE61)/KE61 -> 0.3144084 | KL61: 지육(원/kg) | KM61: 2157 | KN61: 2755 | KO61: 2736 | KP61: =(KO61-KN61)/KN61 -> -0.0068965517 | KQ61: =(KO61-KM61)/KM61 -> 0.26842837 | KT61: 지육(원/kg) | KU61: 2319 | KV61: 2736 | KW61: 2769 | KX61: =(KW61-KV61)/KV61 -> 0.012061404 | KY61: =(KW61-KU61)/KU61 -> 0.19404916 | LB61: 지육(원/kg) | LC61: 2382 | LD61: 2769 | LE61: 2981 | LF61: =(LE61-LD61)/LD61 -> 0.076561936 | LG61: =(LE61-LC61)/LC61 -> 0.25146935 | LJ61: 지육(원/kg) | LK61: 2401 | LL61: 2981 | LM61: 2918 | LN61: =(LM61-LL61)/LL61 -> -0.021133848 | LO61: =(LM61-LK61)/LK61 -> 0.21532695 | LR61: 지육(원/kg) | LS61: 2424 | LT61: 2918 | LU61: 2720 | LV61: =(LU61-LT61)/LT61 -> -0.067854695 | LW61: =(LU61-LS61)/LS61 -> 0.12211221 | LZ61: 지육(원/kg) | MA61: 2424 | MB61: 2720 | MC61: 2561 | MD61: =(MC61-MB61)/MB61 -> -0.058455882 | ME61: =(MC61-MA61)/MA61 -> 0.056518152 | MH61: 지육(원/kg) | MI61: 2187 | MJ61: 2561 | MK61: 2476 | ML61: =(MK61-MJ61)/MJ61 -> -0.03319016 | MM61: =(MK61-MI61)/MI61 -> 0.13214449 | MP61: 지육(원/kg) | MQ61: 2061 | MR61: 2476 | MS61: 2495 | MT61: =(MS61-MR61)/MR61 -> 0.0076736672 | MU61: =(MS61-MQ61)/MQ61 -> 0.21057739 | MX61: 지육(원/kg) | MY61: 2019 | MZ61: 2495 | NA61: 2451 | NB61: =(NA61-MZ61)/MZ61 -> -0.017635271 | NC61: =(NA61-MY61)/MY61 -> 0.21396731 | NF61: 지육(원/kg) | NG61: 1928 | NH61: 2451 | NI61: 2328 | NJ61: =(NI61-NH61)/NH61 -> -0.050183599 | NK61: =(NI61-NG61)/NG61 -> 0.20746888 | NN61: 지육(원/kg) | NO61: 1897 | NP61: 2328 | NQ61: 2212 | NR61: =(NQ61-NP61)/NP61 -> -0.049828179 | NS61: =(NQ61-NO61)/NO61 -> 0.16605166 | NV61: 지육(원/kg) | NW61: 1866 | NX61: 2212 | NY61: 2206 | NZ61: =(NY61-NX61)/NX61 -> -0.0027124774 | OA61: =(NY61-NW61)/NW61 -> 0.18220793 | OD61: 지육(원/kg) | OE61: 1876 | OF61: 2206 | OG61: 2250 | OH61: =(OG61-OF61)/OF61 -> 0.019945603 | OI61: =(OG61-OE61)/OE61 -> 0.19936034 | OL61: 지육(원/kg) | OM61: 1809 | ON61: 2250 | OO61: 2310 | OP61: =(OO61-ON61)/ON61 -> 0.026666667 | OQ61: =(OO61-OM61)/OM61 -> 0.27694859 | OT61: 지육(원/kg) | OU61: 1678 | OV61: 2310 | OW61: 2277 | OX61: =(OW61-OV61)/OV61 -> -0.014285714 | OY61: =(OW61-OU61)/OU61 -> 0.35697259
A63: 돼지/독일 | I63: 돼지/독일 | Q63: 돼지/독일 | Y63: 돼지/독일 | AG63: 돼지/독일 | AO63: 돼지/독일 | AW63: 돼지/독일 | BE63: 돼지/독일 | BM63: 돼지/독일 | BU63: 돼지/독일 | CC63: 돼지/독일 | CK63: 돼지/독일 | CS63: 돼지/독일 | DA63: 돼지/독일 | DI63: 돼지/독일 | DQ63: 돼지/독일 | DY63: 돼지/독일 | EG63: 돼지/독일 | EO63: 돼지/독일 | EW63: 돼지/독일 | FE63: 돼지/독일 | FM63: 돼지/독일 | FU63: 돼지/독일 | GC63: 돼지/독일 | GK63: 돼지/독일 | GS63: 돼지/독일 | HA63: 돼지/독일 | HI63: 돼지/독일 | HQ63: 돼지/독일 | HY63: 돼지/독일 | IG63: 돼지/독일 | IO63: 돼지/독일 | IW63: 돼지/독일 | JE63: 돼지/독일 | JM63: 돼지/독일 | JU63: 돼지/독일 | KC63: 돼지/독일 | KK63: 돼지/독일 | KS63: 돼지/독일 | LA63: 돼지/독일 | LI63: 돼지/독일 | LQ63: 돼지/독일 | LY63: 돼지/독일 | MG63: 돼지/독일 | MO63: 돼지/독일 | MW63: 돼지/독일 | NE63: 돼지/독일 | NM63: 돼지/독일 | NU63: 돼지/독일 | OC63: 돼지/독일 | OK63: 돼지/독일 | OS63: 돼지/독일
A64: 구분 | C64: 2020년 | D64: 2021년 | F64: 전주 | G64: 전년 | I64: 구분 | K64: 2020년 | L64: 2021년 | N64: 전주 | O64: 전년 | Q64: 구분 | S64: 2020년 | T64: 2021년 | V64: 전주 | W64: 전년 | Y64: 구분 | AA64: 2020년 | AB64: 2021년 | AD64: 전주 | AE64: 전년 | AG64: 구분 | AI64: 2020년 | AJ64: 2021년 | AL64: 전주 | AM64: 전년 | AO64: 구분 | AQ64: 2020년 | AR64: 2021년 | AT64: 전주 | AU64: 전년 | AW64: 구분 | AY64: 2020년 | AZ64: 2021년 | BB64: 전주 | BC64: 전년 | BE64: 구분 | BG64: 2020년 | BH64: 2021년 | BJ64: 전주 | BK64: 전년 | BM64: 구분 | BO64: 2020년 | BP64: 2021년 | BR64: 전주 | BS64: 전년 | BU64: 구분 | BW64: 2020년 | BX64: 2021년 | BZ64: 전주 | CA64: 전년 | CC64: 구분 | CE64: 2020년 | CF64: 2021년 | CH64: 전주 | CI64: 전년 | CK64: 구분 | CM64: 2020년 | CN64: 2021년 | CP64: 전주 | CQ64: 전년 | CS64: 구분 | CU64: 2020년 | CV64: 2021년 | CX64: 전주 | CY64: 전년 | DA64: 구분 | DC64: 2020년 | DD64: 2021년 | DF64: 전주 | DG64: 전년 | DI64: 구분 | DK64: 2020년 | DL64: 2021년 | DN64: 전주 | DO64: 전년 | DQ64: 구분 | DS64: 2020년 | DT64: 2021년 | DV64: 전주 | DW64: 전년 | DY64: 구분 | EA64: 2020년 | EB64: 2021년 | ED64: 전주 | EE64: 전년 | EG64: 구분 | EI64: 2020년 | EJ64: 2021년 | EL64: 전주 | EM64: 전년 | EO64: 구분 | EQ64: 2020년 | ER64: 2021년 | ET64: 전주 | EU64: 전년 | EW64: 구분 | EY64: 2020년 | EZ64: 2021년 | FB64: 전주 | FC64: 전년 | FE64: 구분 | FG64: 2020년 | FH64: 2021년 | FJ64: 전주 | FK64: 전년 | FM64: 구분 | FO64: 2020년 | FP64: 2021년 | FR64: 전주 | FS64: 전년 | FU64: 구분 | FW64: 2020년 | FX64: 2021년 | FZ64: 전주 | GA64: 전년 | GC64: 구분 | GE64: 2020년 | GF64: 2021년 | GH64: 전주 | GI64: 전년 | GK64: 구분 | GM64: 2020년 | GN64: 2021년 | GP64: 전주 | GQ64: 전년 | GS64: 구분 | GU64: 2020년 | GV64: 2021년 | GX64: 전주 | GY64: 전년 | HA64: 구분 | HC64: 2020년 | HD64: 2021년 | HF64: 전주 | HG64: 전년 | HI64: 구분 | HK64: 2020년 | HL64: 2021년 | HN64: 전주 | HO64: 전년 | HQ64: 구분 | HS64: 2020년 | HT64: 2021년 | HV64: 전주 | HW64: 전년 | HY64: 구분 | IA64: 2020년 | IB64: 2021년 | ID64: 전주 | IE64: 전년 | IG64: 구분 | II64: 2020년 | IJ64: 2021년 | IL64: 전주 | IM64: 전년 | IO64: 구분 | IQ64: 2020년 | IR64: 2021년 | IT64: 전주 | IU64: 전년 | IW64: 구분 | IY64: 2020년 | IZ64: 2021년 | JB64: 전주 | JC64: 전년 | JE64: 구분 | JG64: 2020년 | JH64: 2021년 | JJ64: 전주 | JK64: 전년 | JM64: 구분 | JO64: 2020년 | JP64: 2021년 | JR64: 전주 | JS64: 전년 | JU64: 구분 | JW64: 2020년 | JX64: 2021년 | JZ64: 전주 | KA64: 전년 | KC64: 구분 | KE64: 2020년 | KF64: 2021년 | KH64: 전주 | KI64: 전년 | KK64: 구분 | KM64: 2020년 | KN64: 2021년 | KP64: 전주 | KQ64: 전년 | KS64: 구분 | KU64: 2020년 | KV64: 2021년 | KX64: 전주 | KY64: 전년 | LA64: 구분 | LC64: 2020년 | LD64: 2021년 | LF64: 전주 | LG64: 전년 | LI64: 구분 | LK64: 2020년 | LL64: 2021년 | LN64: 전주 | LO64: 전년 | LQ64: 구분 | LS64: 2020년 | LT64: 2021년 | LV64: 전주 | LW64: 전년 | LY64: 구분 | MA64: 2020년 | MB64: 2021년 | MD64: 전주 | ME64: 전년 | MG64: 구분 | MI64: 2020년 | MJ64: 2021년 | ML64: 전주 | MM64: 전년 | MO64: 구분 | MQ64: 2020년 | MR64: 2021년 | MT64: 전주 | MU64: 전년 | MW64: 구분 | MY64: 2020년 | MZ64: 2021년 | NB64: 전주 | NC64: 전년 | NE64: 구분 | NG64: 2020년 | NH64: 2021년 | NJ64: 전주 | NK64: 전년 | NM64: 구분 | NO64: 2020년 | NP64: 2021년 | NR64: 전주 | NS64: 전년 | NU64: 구분 | NW64: 2020년 | NX64: 2021년 | NZ64: 전주 | OA64: 전년 | OC64: 구분 | OE64: 2020년 | OF64: 2021년 | OH64: 전주 | OI64: 전년 | OK64: 구분 | OM64: 2020년 | ON64: 2021년 | OP64: 전주 | OQ64: 전년 | OS64: 구분 | OU64: 2020년 | OV64: 2021년 | OX64: 전주 | OY64: 전년
C65: 1월1주 | D65: 12월4주 | E65: 1월1주 | F65: 대비 | G65: 대비 | K65: 1월2주 | L65: 1월1주 | M65: 1월2주 | N65: 대비 | O65: 대비 | S65: 1월3주 | T65: 1월2주 | U65: 1월3주 | V65: 대비 | W65: 대비 | AA65: 1월4주 | AB65: 1월3주 | AC65: 1월4주 | AD65: 대비 | AE65: 대비 | AI65: 2월1주 | AJ65: 1월4주 | AK65: 2월1주 | AL65: 대비 | AM65: 대비 | AQ65: 2월2주 | AR65: 2월1주 | AS65: 2월2주 | AT65: 대비 | AU65: 대비 | AY65: 2월3주 | AZ65: 2월2주 | BA65: 2월3주 | BB65: 대비 | BC65: 대비 | BG65: 2월4주 | BH65: 2월3주 | BI65: 2월4주 | BJ65: 대비 | BK65: 대비 | BO65: 3월1주 | BP65: 2월4주 | BQ65: 3월1주 | BR65: 대비 | BS65: 대비 | BW65: 3월2주 | BX65: 3월1주 | BY65: 3월2주 | BZ65: 대비 | CA65: 대비 | CE65: 3월3주 | CF65: 3월2주 | CG65: 3월3주 | CH65: 대비 | CI65: 대비 | CM65: 3월4주 | CN65: 3월3주 | CO65: 3월4주 | CP65: 대비 | CQ65: 대비 | CU65: 3월5주 | CV65: 3월4주 | CW65: 3월5주 | CX65: 대비 | CY65: 대비 | DC65: 4월1주 | DD65: 3월5주 | DE65: 4월1주 | DF65: 대비 | DG65: 대비 | DK65: 4월2주 | DL65: 4월1주 | DM65: 4월2주 | DN65: 대비 | DO65: 대비 | DS65: 4월3주 | DT65: 4월2주 | DU65: 4월3주 | DV65: 대비 | DW65: 대비 | EA65: 4월4주 | EB65: 4월3주 | EC65: 4월4주 | ED65: 대비 | EE65: 대비 | EI65: 5월1주 | EJ65: 4월4주 | EK65: 5월1주 | EL65: 대비 | EM65: 대비 | EQ65: 5월2주 | ER65: 5월1주 | ES65: 5월2주 | ET65: 대비 | EU65: 대비 | EY65: 5월3주 | EZ65: 5월2주 | FA65: 5월3주 | FB65: 대비 | FC65: 대비 | FG65: 5월3주 | FH65: 5월2주 | FI65: 5월3주 | FJ65: 대비 | FK65: 대비 | FO65: 6월1주 | FP65: 5월4주 | FQ65: 6월1주 | FR65: 대비 | FS65: 대비 | FW65: 6월2주 | FX65: 6월1주 | FY65: 6월2주 | FZ65: 대비 | GA65: 대비 | GE65: 6월3주 | GF65: 6월2주 | GG65: 6월3주 | GH65: 대비 | GI65: 대비 | GM65: 6월4주 | GN65: 6월3주 | GO65: 6월4주 | GP65: 대비 | GQ65: 대비 | GU65: 7월1주 | GV65: 6월4주 | GW65: 7월1주 | GX65: 대비 | GY65: 대비 | HC65: 7월2주 | HD65: 7월1주 | HE65: 7월2주 | HF65: 대비 | HG65: 대비 | HK65: 7월3주 | HL65: 7월2주 | HM65: 7월3주 | HN65: 대비 | HO65: 대비 | HS65: 7월3주 | HT65: 7월2주 | HU65: 7월3주 | HV65: 대비 | HW65: 대비 | IA65: 7월5주 | IB65: 7월4주 | IC65: 7월5주 | ID65: 대비 | IE65: 대비 | II65: 8월1주 | IJ65: 7월5주 | IK65: 8월1주 | IL65: 대비 | IM65: 대비 | IQ65: 8월2주 | IR65: 8월1주 | IS65: 8월2주 | IT65: 대비 | IU65: 대비 | IY65: 8월3주 | IZ65: 8월2주 | JA65: 8월3주 | JB65: 대비 | JC65: 대비 | JG65: 8월4주 | JH65: 8월3주 | JI65: 8월4주 | JJ65: 대비 | JK65: 대비 | JO65: 9월1주 | JP65: 8월4주 | JQ65: 9월1주 | JR65: 대비 | JS65: 대비 | JW65: 9월2주 | JX65: 9월1주 | JY65: 9월2주 | JZ65: 대비 | KA65: 대비 | KE65: 9월3주 | KF65: 9월2주 | KG65: 9월3주 | KH65: 대비 | KI65: 대비 | KM65: 9월4주 | KN65: 9월3주 | KO65: 9월4주 | KP65: 대비 | KQ65: 대비 | KU65: 9월5주 | KV65: 9월4주 | KW65: 9월5주 | KX65: 대비 | KY65: 대비 | LC65: 10월1주 | LD65: 9월5주 | LE65: 10월1주 | LF65: 대비 | LG65: 대비 | LK65: 10월2주 | LL65: 10월1주 | LM65: 10월2주 | LN65: 대비 | LO65: 대비 | LS65: 10월2주 | LT65: 10월1주 | LU65: 10월2주 | LV65: 대비 | LW65: 대비 | MA65: 10월4주 | MB65: 10월3주 | MC65: 10월4주 | MD65: 대비 | ME65: 대비 | MI65: 11월1주 | MJ65: 10월4주 | MK65: 11월1주 | ML65: 대비 | MM65: 대비 | MQ65: 11월2주 | MR65: 11월1주 | MS65: 11월2주 | MT65: 대비 | MU65: 대비 | MY65: 11월3주 | MZ65: 11월2주 | NA65: 11월3주 | NB65: 대비 | NC65: 대비 | NG65: 11월4주 | NH65: 11월3주 | NI65: 11월4주 | NJ65: 대비 | NK65: 대비 | NO65: 12월1주 | NP65: 11월4주 | NQ65: 12월1주 | NR65: 대비 | NS65: 대비 | NW65: 12월2주 | NX65: 12월1주 | NY65: 12월2주 | NZ65: 대비 | OA65: 대비 | OE65: 12월3주 | OF65: 12월2주 | OG65: 12월3주 | OH65: 대비 | OI65: 대비 | OM65: 12월4주 | ON65: 12월3주 | OO65: 12월4주 | OP65: 대비 | OQ65: 대비 | OU65: 12월5주 | OV65: 12월4주 | OW65: 12월5주 | OX65: 대비 | OY65: 대비
A66: 수급 | B66: 도축(천두) | C66: 551 | D66: 502 | E66: 555 | F66: =(E66-D66)/D66 -> 0.10557769 | G66: =(E66-C66)/C66 -> 0.0072595281 | I66: 수급 | J66: 도축(천두) | K66: 937 | L66: 555 | M66: 759 | N66: =(M66-L66)/L66 -> 0.36756757 | O66: =(M66-K66)/K66 -> -0.18996798 | Q66: 수급 | R66: 도축(천두) | S66: 967 | T66: 759 | U66: 776 | V66: =(U66-T66)/T66 -> 0.022397892 | W66: =(U66-S66)/S66 -> -0.1975181 | Y66: 수급 | Z66: 도축(천두) | AA66: 956 | AB66: 776 | AC66: 808 | AD66: =(AC66-AB66)/AB66 -> 0.041237113 | AE66: =(AC66-AA66)/AA66 -> -0.15481172 | AG66: 수급 | AH66: 도축(천두) | AI66: 946 | AJ66: 808 | AK66: - | AL66: =(AK66-AJ66)/AJ66 -> #VALUE! | AM66: =(AK66-AI66)/AI66 -> #VALUE! | AO66: 수급 | AP66: 도축(천두) | AQ66: 919 | AR66: 832 | AS66: 855 | AT66: =(AS66-AR66)/AR66 -> 0.027644231 | AU66: =(AS66-AQ66)/AQ66 -> -0.069640914 | AW66: 수급 | AX66: 도축(천두) | AY66: 898 | AZ66: 855 | BA66: 796 | BB66: =(BA66-AZ66)/AZ66 -> -0.069005848 | BC66: =(BA66-AY66)/AY66 -> -0.11358575 | BE66: 수급 | BF66: 도축(천두) | BG66: 895 | BH66: 796 | BI66: 861 | BJ66: =(BI66-BH66)/BH66 -> 0.081658291 | BK66: =(BI66-BG66)/BG66 -> -0.037988827 | BM66: 수급 | BN66: 도축(천두) | BO66: 915 | BP66: 861 | BQ66: 889 | BR66: =(BQ66-BP66)/BP66 -> 0.032520325 | BS66: =(BQ66-BO66)/BO66 -> -0.028415301 | BU66: 수급 | BV66: 도축(천두) | BW66: 943 | BX66: 889 | BY66: 872 | BZ66: =(BY66-BX66)/BX66 -> -0.01912261 | CA66: =(BY66-BW66)/BW66 -> -0.075291622 | CC66: 수급 | CD66: 도축(천두) | CE66: 980 | CF66: 872 | CG66: 856 | CH66: =(CG66-CF66)/CF66 -> -0.018348624 | CI66: =(CG66-CE66)/CE66 -> -0.12653061 | CK66: 수급 | CL66: 도축(천두) | CM66: 927 | CN66: 856 | CO66: 843 | CP66: =(CO66-CN66)/CN66 -> -0.015186916 | CQ66: =(CO66-CM66)/CM66 -> -0.090614887 | CS66: 수급 | CT66: 도축(천두) | CU66: 927 | CV66: 843 | CW66: 866 | CX66: =(CW66-CV66)/CV66 -> 0.027283511 | CY66: =(CW66-CU66)/CU66 -> -0.065803668 | DA66: 수급 | DB66: 도축(천두) | DC66: 904 | DD66: 866 | DE66: 744 | DF66: =(DE66-DD66)/DD66 -> -0.1408776 | DG66: =(DE66-DC66)/DC66 -> -0.17699115 | DI66: 수급 | DJ66: 도축(천두) | DK66: 809 | DL66: 744 | DM66: 742 | DN66: =(DM66-DL66)/DL66 -> -0.002688172 | DO66: =(DM66-DK66)/DK66 -> -0.082818294 | DQ66: 수급 | DR66: 도축(천두) | DS66: 810 | DT66: 742 | DU66: 882 | DV66: =(DU66-DT66)/DT66 -> 0.18867925 | DW66: =(DU66-DS66)/DS66 -> 0.088888889 | DY66: 수급 | DZ66: 도축(천두) | EA66: 928 | EB66: 882 | EC66: 886 | ED66: =(EC66-EB66)/EB66 -> 0.0045351474 | EE66: =(EC66-EA66)/EA66 -> -0.045258621 | EG66: 수급 | EH66: 도축(천두) | EI66: 772 | EJ66: 886 | EK66: 802 | EL66: =(EK66-EJ66)/EJ66 -> -0.094808126 | EM66: =(EK66-EI66)/EI66 -> 0.038860104 | EO66: 수급 | EP66: 도축(천두) | EQ66: 852 | ER66: 802 | ES66: 915 | ET66: =(ES66-ER66)/ER66 -> 0.14089776 | EU66: =(ES66-EQ66)/EQ66 -> 0.073943662 | EW66: 수급 | EX66: 도축(천두) | EY66: 896 | EZ66: 915 | FB66: =(FA66-EZ66)/EZ66 -> -1 | FC66: =(FA66-EY66)/EY66 -> -1 | FE66: 수급 | FF66: 도축(천두) | FG66: 780 | FJ66: =(FI66-FH66)/FH66 -> #DIV/0! | FK66: =(FI66-FG66)/FG66 -> -1 | FM66: 수급 | FN66: 도축(천두) | FO66: 911 | FR66: =(FQ66-FP66)/FP66 -> #DIV/0! | FS66: =(FQ66-FO66)/FO66 -> -1 | FU66: 수급 | FV66: 도축(천두) | FW66: 800 | FZ66: =(FY66-FX66)/FX66 -> #DIV/0! | GA66: =(FY66-FW66)/FW66 -> -1 | GC66: 수급 | GD66: 도축(천두) | GE66: 874 | GF66: - | GG66: - | GH66: =(GG66-GF66)/GF66 -> #VALUE! | GI66: =(GG66-GE66)/GE66 -> #VALUE! | GK66: 수급 | GL66: 도축(천두) | GM66: 848 | GN66: - | GO66: - | GP66: =(GO66-GN66)/GN66 -> #VALUE! | GQ66: =(GO66-GM66)/GM66 -> #VALUE! | GS66: 수급 | GT66: 도축(천두) | GU66: 784 | GV66: - | GW66: - | GX66: =(GW66-GV66)/GV66 -> #VALUE! | GY66: =(GW66-GU66)/GU66 -> #VALUE! | HA66: 수급 | HB66: 도축(천두) | HC66: 768 | HD66: - | HE66: - | HF66: =(HE66-HD66)/HD66 -> #VALUE! | HG66: =(HE66-HC66)/HC66 -> #VALUE! | HI66: 수급 | HJ66: 도축(천두) | HK66: 783 | HL66: - | HM66: - | HN66: =(HM66-HL66)/HL66 -> #VALUE! | HO66: =(HM66-HK66)/HK66 -> #VALUE! | HQ66: 수급 | HR66: 도축(천두) | HS66: 783 | HT66: - | HU66: - | HV66: =(HU66-HT66)/HT66 -> #VALUE! | HW66: =(HU66-HS66)/HS66 -> #VALUE! | HY66: 수급 | HZ66: 도축(천두) | IA66: 822 | ID66: =(IC66-IB66)/IB66 -> #DIV/0! | IE66: =(IC66-IA66)/IA66 -> -1 | IG66: 수급 | IH66: 도축(천두) | II66: 854 | IL66: =(IK66-IJ66)/IJ66 -> #DIV/0! | IM66: =(IK66-II66)/II66 -> -1 | IO66: 수급 | IP66: 도축(천두) | IQ66: 857 | IT66: =(IS66-IR66)/IR66 -> #DIV/0! | IU66: =(IS66-IQ66)/IQ66 -> -1 | IW66: 수급 | IX66: 도축(천두) | IY66: 853 | JB66: =(JA66-IZ66)/IZ66 -> #DIV/0! | JC66: =(JA66-IY66)/IY66 -> -1 | JE66: 수급 | JF66: 도축(천두) | JG66: 848 | JH66: - | JI66: - | JJ66: =(JI66-JH66)/JH66 -> #VALUE! | JK66: =(JI66-JG66)/JG66 -> #VALUE! | JM66: 수급 | JN66: 도축(천두) | JO66: 870 | JP66: - | JQ66: - | JR66: =(JQ66-JP66)/JP66 -> #VALUE! | JS66: =(JQ66-JO66)/JO66 -> #VALUE! | JU66: 수급 | JV66: 도축(천두) | JW66: 873 | JX66: - | JY66: - | JZ66: =(JY66-JX66)/JX66 -> #VALUE! | KA66: =(JY66-JW66)/JW66 -> #VALUE! | KC66: 수급 | KD66: 도축(천두) | KE66: 860 | KF66: - | KG66: - | KH66: =(KG66-KF66)/KF66 -> #VALUE! | KI66: =(KG66-KE66)/KE66 -> #VALUE! | KK66: 수급 | KL66: 도축(천두) | KM66: 876 | KN66: - | KO66: - | KP66: =(KO66-KN66)/KN66 -> #VALUE! | KQ66: =(KO66-KM66)/KM66 -> #VALUE! | KS66: 수급 | KT66: 도축(천두) | KU66: 867 | KV66: - | KW66: - | KX66: =(KW66-KV66)/KV66 -> #VALUE! | KY66: =(KW66-KU66)/KU66 -> #VALUE! | LA66: 수급 | LB66: 도축(천두) | LC66: 790 | LD66: - | LE66: - | LF66: =(LE66-LD66)/LD66 -> #VALUE! | LG66: =(LE66-LC66)/LC66 -> #VALUE! | LI66: 수급 | LJ66: 도축(천두) | LK66: 812 | LL66: - | LM66: - | LN66: =(LM66-LL66)/LL66 -> #VALUE! | LO66: =(LM66-LK66)/LK66 -> #VALUE! | LQ66: 수급 | LR66: 도축(천두) | LS66: 823 | LT66: - | LU66: - | LV66: =(LU66-LT66)/LT66 -> #VALUE! | LW66: =(LU66-LS66)/LS66 -> #VALUE! | LY66: 수급 | LZ66: 도축(천두) | MA66: 828 | MB66: - | MC66: - | MD66: =(MC66-MB66)/MB66 -> #VALUE! | ME66: =(MC66-MA66)/MA66 -> #VALUE! | MG66: 수급 | MH66: 도축(천두) | MI66: 805 | ML66: =(MK66-MJ66)/MJ66 -> #DIV/0! | MM66: =(MK66-MI66)/MI66 -> -1 | MO66: 수급 | MP66: 도축(천두) | MQ66: 823 | MT66: =(MS66-MR66)/MR66 -> #DIV/0! | MU66: =(MS66-MQ66)/MQ66 -> -1 | MW66: 수급 | MX66: 도축(천두) | MY66: 831 | NB66: =(NA66-MZ66)/MZ66 -> #DIV/0! | NC66: =(NA66-MY66)/MY66 -> -1 | NE66: 수급 | NF66: 도축(천두) | NG66: 808 | NJ66: =(NI66-NH66)/NH66 -> #DIV/0! | NK66: =(NI66-NG66)/NG66 -> -1 | NM66: 수급 | NN66: 도축(천두) | NO66: 825 | NR66: =(NQ66-NP66)/NP66 -> #DIV/0! | NS66: =(NQ66-NO66)/NO66 -> -1 | NU66: 수급 | NV66: 도축(천두) | NW66: 820 | NZ66: =(NY66-NX66)/NX66 -> #DIV/0! | OA66: =(NY66-NW66)/NW66 -> -1 | OC66: 수급 | OD66: 도축(천두) | OE66: 843 | OH66: =(OG66-OF66)/OF66 -> #DIV/0! | OI66: =(OG66-OE66)/OE66 -> -1 | OK66: 수급 | OL66: 도축(천두) | OM66: 502 | ON66: - | OO66: - | OP66: =(OO66-ON66)/ON66 -> #VALUE! | OQ66: =(OO66-OM66)/OM66 -> #VALUE! | OS66: 수급 | OT66: 도축(천두) | OU66: 555 | OV66: - | OW66: - | OX66: =(OW66-OV66)/OV66 -> #VALUE! | OY66: =(OW66-OU66)/OU66 -> #VALUE!
